"name","begin","length","end","refseq","reverse complement","BLAST result","BLAST score","type","type support","VP1 type","VP1 type support","VP1 subgenogroup","VP1 subgenogroup support"
"KX957754","39","7321","7379","NC_001430","false","Picornaviridae Enterovirus D","92.73125","EV-D68","100.0","EV-D68","100.0","B3","100.0"
"KX957755","29","7304","7352","NC_001430","false","Picornaviridae Enterovirus D","92.71732","EV-D68","100.0","EV-D68","100.0","B3","100.0"
"KX957759","29","7331","7379","NC_001430","false","Picornaviridae Enterovirus D","92.91951","EV-D68","100.0","EV-D68","100.0","B3","100.0"
"KX957760","50","7310","7379","NC_001430","false","Picornaviridae Enterovirus D","92.892365","EV-D68","100.0","EV-D68","100.0","B3","100.0"
"KX957762","39","7306","7364","NC_001430","false","Picornaviridae Enterovirus D","92.66356","EV-D68","100.0","EV-D68","100.0","B3","100.0"
"KY042026","726","6567","7311","NC_001430","false","Picornaviridae Enterovirus D","92.55367","EV-D68","100.0","EV-D68","100.0","B3","100.0"
"KY292526","28","7332","7379","NC_001430","false","Picornaviridae Enterovirus D","92.947754","EV-D68","100.0","EV-D68","100.0","B3","100.0"
"KY348862","33","7317","7372","NC_001430","false","Picornaviridae Enterovirus D","94.140144","EV-D68","100.0","EV-D68","100.0","A1","100.0"
"KY385880","70","7290","7379","NC_001430","false","Picornaviridae Enterovirus D","92.81108","EV-D68","100.0","EV-D68","100.0","B3","100.0"
"KY385881","28","7332","7379","NC_001430","false","Picornaviridae Enterovirus D","92.593094","EV-D68","100.0","EV-D68","100.0","B3","100.0"
"KY385882","27","7334","7380","NC_001430","false","Picornaviridae Enterovirus D","92.61077","EV-D68","100.0","EV-D68","100.0","B3","100.0"
"KY385883","41","7320","7380","NC_001430","false","Picornaviridae Enterovirus D","92.910805","EV-D68","100.0","EV-D68","100.0","B3","100.0"
"KY385886","60","7300","7379","NC_001430","false","Picornaviridae Enterovirus D","92.615425","EV-D68","100.0","EV-D68","100.0","B3","100.0"
"KY385888","28","7333","7380","NC_001430","false","Picornaviridae Enterovirus D","92.5825","EV-D68","100.0","EV-D68","100.0","B3","100.0"
"KY385889","28","7333","7380","NC_001430","false","Picornaviridae Enterovirus D","92.896095","EV-D68","100.0","EV-D68","100.0","B3","100.0"
"KY385890","28","7332","7379","NC_001430","false","Picornaviridae Enterovirus D","92.67494","EV-D68","100.0","EV-D68","100.0","B3","100.0"
"KY385891","39","7314","7372","NC_001430","false","Picornaviridae Enterovirus D","92.89132","EV-D68","100.0","EV-D68","100.0","B3","100.0"
"KY385892","35","7326","7380","NC_001430","false","Picornaviridae Enterovirus D","92.84446","EV-D68","100.0","EV-D68","100.0","B3","100.0"
"KY767820","28","7333","7380","NC_001430","false","Picornaviridae Enterovirus D","93.63239","EV-D68","100.0","EV-D68","100.0","B1","100.0"
"LC068708","17","7341","7380","NC_001430","false","Picornaviridae Enterovirus D","92.5936","EV-D68","100.0","EV-D68","100.0","A1","100.0"
"LC068710","17","7341","7380","NC_001430","false","Picornaviridae Enterovirus D","92.56637","EV-D68","100.0","EV-D68","100.0","A1","100.0"
"LC068711","65","7293","7380","NC_001430","false","Picornaviridae Enterovirus D","92.57229","EV-D68","100.0","EV-D68","100.0","A1","100.0"
"LC107896","82","7279","7380","NC_001430","false","Picornaviridae Enterovirus D","92.91209","EV-D68","100.0","EV-D68","100.0","B3","100.0"
"LC107897","82","7279","7379","NC_001430","false","Picornaviridae Enterovirus D","92.98077","EV-D68","100.0","EV-D68","100.0","B3","100.0"
"LC107899","82","7279","7380","NC_001430","false","Picornaviridae Enterovirus D","93.00825","EV-D68","100.0","EV-D68","100.0","B3","100.0"
"LC107900","249","7112","7380","NC_001430","false","Picornaviridae Enterovirus D","93.03797","EV-D68","100.0","EV-D68","100.0","B3","100.0"
"LC107901","251","7110","7380","NC_001430","false","Picornaviridae Enterovirus D","93.0661","EV-D68","100.0","EV-D68","100.0","B3","100.0"
"LC495298","26","7334","7378","NC_001430","false","Picornaviridae Enterovirus D","92.45875","EV-D68","100.0","EV-D68","100.0","B3","100.0"
"LC495299","26","7334","7378","NC_001430","false","Picornaviridae Enterovirus D","92.32238","EV-D68","100.0","EV-D68","100.0","B3","100.0"
"LC629436","16","7345","7377","NC_001430","false","Picornaviridae Enterovirus D","93.87672","EV-D68","100.0","EV-D68","100.0","A2","100.0"
"LC629439","16","7345","7377","NC_001430","false","Picornaviridae Enterovirus D","92.679276","EV-D68","100.0","EV-D68","100.0","A2","100.0"
"LC629440","16","7331","7363","NC_001430","false","Picornaviridae Enterovirus D","92.54261","EV-D68","100.0","EV-D68","100.0","A2","100.0"
"LC629443","17","7326","7365","NC_001430","false","Picornaviridae Enterovirus D","92.55116","EV-D68","100.0","EV-D68","100.0","A1","100.0"
"LC629444","17","7338","7377","NC_001430","false","Picornaviridae Enterovirus D","92.37265","EV-D68","100.0","EV-D68","100.0","A1","100.0"
"LC629446","16","7332","7364","NC_001430","false","Picornaviridae Enterovirus D","91.98473","EV-D68","100.0","EV-D68","100.0","A2","100.0"
"LC629449","16","7345","7377","NC_001430","false","Picornaviridae Enterovirus D","91.20969","EV-D68","100.0","EV-D68","100.0","A2","100.0"
"LC817373","31","7329","7378","NC_001430","false","Picornaviridae Enterovirus D","91.76214","EV-D68","100.0","EV-D68","100.0","B3","100.0"
"LC889288","31","7345","7394","NC_001430","false","Picornaviridae Enterovirus D","91.72122","EV-D68","100.0","EV-D68","100.0","B3","100.0"
"LC889289","31","7344","7393","NC_001430","false","Picornaviridae Enterovirus D","91.803055","EV-D68","100.0","EV-D68","100.0","B3","100.0"
"MF045414","70","7203","7291","NC_001430","false","Picornaviridae Enterovirus D","92.75301","EV-D68","100.0","EV-D68","100.0","B3","100.0"
"MF045416","118","7155","7291","NC_001430","false","Picornaviridae Enterovirus D","93.09477","EV-D68","100.0","EV-D68","100.0","B3","100.0"
"MF045418","99","7173","7290","NC_001430","false","Picornaviridae Enterovirus D","93.07124","EV-D68","100.0","EV-D68","100.0","B3","100.0"
"MF045419","49","7224","7291","NC_001430","false","Picornaviridae Enterovirus D","94.1714","EV-D68","100.0","EV-D68","100.0","B","96.0"
"MF045420","252","6736","7006","NC_001430","false","Picornaviridae Enterovirus D","92.60689","EV-D68","100.0","EV-D68","100.0","B","100.0"
"MF045422","253","7019","7290","NC_001430","false","Picornaviridae Enterovirus D","93.488174","EV-D68","100.0","EV-D68","100.0","B3","100.0"
"MG739632","231","7065","7314","NC_001430","false","Picornaviridae Enterovirus D","93.06244","EV-D68","100.0","EV-D68","100.0","B3","100.0"
"MG739633","39","7254","7311","NC_001430","false","Picornaviridae Enterovirus D","92.926094","EV-D68","100.0","EV-D68","100.0","B3","100.0"
"MG739634","57","7263","7339","NC_001430","false","Picornaviridae Enterovirus D","92.96143","EV-D68","100.0","EV-D68","100.0","B3","100.0"
"MG739635","31","7289","7339","NC_001430","false","Picornaviridae Enterovirus D","92.92887","EV-D68","100.0","EV-D68","100.0","B3","100.0"
"MG739636","167","7174","7360","NC_001430","false","Picornaviridae Enterovirus D","92.98661","EV-D68","100.0","EV-D68","100.0","B3","100.0"
"MG739638","49","6794","6861","NC_001430","false","Picornaviridae Enterovirus D","92.758316","EV-D68","100.0","EV-D68","100.0","B3","100.0"
"MG739639","42","7304","7365","NC_001430","false","Picornaviridae Enterovirus D","92.7572","EV-D68","100.0","EV-D68","100.0","B3","100.0"
"MH041324","28","7334","7381","NC_001430","false","Picornaviridae Enterovirus D","92.512276","EV-D68","100.0","EV-D68","100.0","B3","100.0"
"MH341711","28","7329","7376","NC_001430","false","Picornaviridae Enterovirus D","92.78308","EV-D68","100.0","EV-D68","100.0","B3","100.0"
"MH341712","28","7329","7376","NC_001430","false","Picornaviridae Enterovirus D","92.74216","EV-D68","100.0","EV-D68","100.0","B3","100.0"
"MH341713","28","7329","7376","NC_001430","false","Picornaviridae Enterovirus D","92.66393","EV-D68","100.0","EV-D68","100.0","B3","100.0"
"MH341716","28","7329","7376","NC_001430","false","Picornaviridae Enterovirus D","92.909836","EV-D68","100.0","EV-D68","100.0","B3","100.0"
"MH341718","28","7329","7376","NC_001430","false","Picornaviridae Enterovirus D","92.900055","EV-D68","100.0","EV-D68","100.0","B3","100.0"
"MH341719","28","7329","7376","NC_001430","false","Picornaviridae Enterovirus D","92.622955","EV-D68","100.0","EV-D68","100.0","B3","100.0"
"MH341720","28","7329","7376","NC_001430","false","Picornaviridae Enterovirus D","92.60573","EV-D68","100.0","EV-D68","100.0","B3","100.0"
"MH341721","28","7329","7376","NC_001430","false","Picornaviridae Enterovirus D","92.69125","EV-D68","100.0","EV-D68","100.0","B3","100.0"
"MH341723","28","7329","7376","NC_001430","false","Picornaviridae Enterovirus D","92.578445","EV-D68","100.0","EV-D68","100.0","B3","100.0"
"MH341724","28","7329","7376","NC_001430","false","Picornaviridae Enterovirus D","92.6603","EV-D68","100.0","EV-D68","100.0","B3","100.0"
"MH341725","28","7329","7376","NC_001430","false","Picornaviridae Enterovirus D","92.76944","EV-D68","100.0","EV-D68","100.0","B3","99.0"
"MH341726","16","7345","7377","NC_001430","false","Picornaviridae Enterovirus D","92.02612","EV-D68","100.0","EV-D68","100.0","A2","100.0"
"MH341729","16","7345","7377","NC_001430","false","Picornaviridae Enterovirus D","91.74038","EV-D68","100.0","EV-D68","100.0","A2","100.0"
"MH341732","16","7345","7377","NC_001430","false","Picornaviridae Enterovirus D","91.970406","EV-D68","100.0","EV-D68","100.0","A2","100.0"
"MH341733","16","7345","7377","NC_001430","false","Picornaviridae Enterovirus D","91.90366","EV-D68","100.0","EV-D68","100.0","A2","100.0"
"MH341734","16","7345","7377","NC_001430","false","Picornaviridae Enterovirus D","91.91005","EV-D68","100.0","EV-D68","100.0","A2","100.0"
"MH708882","51","7311","7381","NC_001430","false","Picornaviridae Enterovirus D","92.86988","EV-D68","100.0","EV-D68","100.0","B1","100.0"
"MK105977","24","7339","7379","NC_001430","false","Picornaviridae Enterovirus D","92.13575","EV-D68","100.0","EV-D68","100.0","A2","100.0"
"MK105978","60","7304","7380","NC_001430","false","Picornaviridae Enterovirus D","92.104546","EV-D68","100.0","EV-D68","100.0","A2","100.0"
"MK105979","23","7341","7380","NC_001430","false","Picornaviridae Enterovirus D","92.2207","EV-D68","100.0","EV-D68","100.0","A2","100.0"
"MK105980","35","7325","7379","NC_001430","false","Picornaviridae Enterovirus D","92.82689","EV-D68","100.0","EV-D68","100.0","B3","100.0"
"MK105981","35","7326","7380","NC_001430","false","Picornaviridae Enterovirus D","92.870804","EV-D68","100.0","EV-D68","100.0","B3","100.0"
"MK105982","42","7322","7380","NC_001430","false","Picornaviridae Enterovirus D","92.598656","EV-D68","100.0","EV-D68","100.0","A2","100.0"
"MK105984","35","7326","7380","NC_001430","false","Picornaviridae Enterovirus D","92.14696","EV-D68","100.0","EV-D68","100.0","B3","100.0"
"MK105986","48","7304","7368","NC_001430","false","Picornaviridae Enterovirus D","91.721405","EV-D68","100.0","EV-D68","100.0","A2","100.0"
"MK105987","23","7341","7380","NC_001430","false","Picornaviridae Enterovirus D","91.41689","EV-D68","100.0","EV-D68","100.0","A2","100.0"
"MK105988","35","7326","7380","NC_001430","false","Picornaviridae Enterovirus D","92.24255","EV-D68","100.0","EV-D68","100.0","B3","100.0"
"MK105989","23","7341","7380","NC_001430","false","Picornaviridae Enterovirus D","91.40327","EV-D68","100.0","EV-D68","100.0","A2","100.0"
"MK419033","38","7322","7379","NC_001430","false","Picornaviridae Enterovirus D","92.580956","EV-D68","100.0","EV-D68","100.0","B3","100.0"
"MK419034","72","7288","7379","NC_001430","false","Picornaviridae Enterovirus D","92.59056","EV-D68","100.0","EV-D68","100.0","B3","100.0"
"MK419035","83","7277","7379","NC_001430","false","Picornaviridae Enterovirus D","92.6538","EV-D68","100.0","EV-D68","100.0","B3","100.0"
"MK419036","187","7174","7380","NC_001430","false","Picornaviridae Enterovirus D","92.65505","EV-D68","100.0","EV-D68","100.0","B3","100.0"
"MK419037","82","7137","7237","NC_001430","false","Picornaviridae Enterovirus D","92.29584","EV-D68","100.0","EV-D68","100.0","B3","100.0"
"MK419038","63","7296","7378","NC_001430","false","Picornaviridae Enterovirus D","92.54735","EV-D68","100.0","EV-D68","100.0","B3","100.0"
"MK419039","25","7328","7369","NC_001430","false","Picornaviridae Enterovirus D","91.6769","EV-D68","100.0","EV-D68","100.0","A2","100.0"
"MK419041","48","7312","7379","NC_001430","false","Picornaviridae Enterovirus D","92.601204","EV-D68","100.0","EV-D68","100.0","B3","100.0"
"MK419042","42","7308","7369","NC_001430","false","Picornaviridae Enterovirus D","92.43295","EV-D68","100.0","EV-D68","100.0","B3","100.0"
"MK419043","56","7305","7380","NC_001430","false","Picornaviridae Enterovirus D","92.55304","EV-D68","100.0","EV-D68","100.0","B3","100.0"
"MK419045","40","7321","7380","NC_001430","false","Picornaviridae Enterovirus D","92.40645","EV-D68","100.0","EV-D68","100.0","B3","100.0"
"MK419047","90","7260","7369","NC_001430","false","Picornaviridae Enterovirus D","92.41922","EV-D68","100.0","EV-D68","100.0","B3","100.0"
"MK419048","129","7229","7380","NC_001430","false","Picornaviridae Enterovirus D","92.57467","EV-D68","100.0","EV-D68","100.0","B3","100.0"
"MK419050","76","7281","7376","NC_001430","false","Picornaviridae Enterovirus D","92.53506","EV-D68","100.0","EV-D68","100.0","B3","100.0"
"MK419051","78","7277","7374","NC_001430","false","Picornaviridae Enterovirus D","92.3468","EV-D68","100.0","EV-D68","100.0","B3","100.0"
"MK419052","74","7287","7380","NC_001430","false","Picornaviridae Enterovirus D","92.495544","EV-D68","100.0","EV-D68","100.0","B3","100.0"
"MK419053","56","7294","7369","NC_001430","false","Picornaviridae Enterovirus D","92.2402","EV-D68","100.0","EV-D68","100.0","B3","100.0"
"MK419054","129","7232","7380","NC_001430","false","Picornaviridae Enterovirus D","92.49171","EV-D68","100.0","EV-D68","100.0","B3","100.0"
"MK419055","56","7304","7379","NC_001430","false","Picornaviridae Enterovirus D","92.49829","EV-D68","100.0","EV-D68","100.0","B3","100.0"
"MK419058","42","7308","7369","NC_001430","false","Picornaviridae Enterovirus D","92.44663","EV-D68","100.0","EV-D68","100.0","B3","100.0"
"MK419060","16","7309","7341","NC_001430","false","Picornaviridae Enterovirus D","91.67236","EV-D68","100.0","EV-D68","100.0","A2","100.0"
"MK419062","48","7261","7324","NC_001430","false","Picornaviridae Enterovirus D","91.6724","EV-D68","100.0","EV-D68","100.0","A2","100.0"
"MK419064","37","7311","7367","NC_001430","false","Picornaviridae Enterovirus D","92.269806","EV-D68","100.0","EV-D68","100.0","B3","100.0"
"MK419065","30","7320","7369","NC_001430","false","Picornaviridae Enterovirus D","92.5","EV-D68","100.0","EV-D68","100.0","B3","100.0"
"MK419072","61","7296","7376","NC_001430","false","Picornaviridae Enterovirus D","92.52298","EV-D68","100.0","EV-D68","100.0","B3","100.0"
"MK419073","29","7329","7377","NC_001430","false","Picornaviridae Enterovirus D","92.117485","EV-D68","100.0","EV-D68","100.0","B3","100.0"
"MK419074","37","7317","7373","NC_001430","false","Picornaviridae Enterovirus D","92.45722","EV-D68","100.0","EV-D68","100.0","B3","100.0"
"MK419075","46","7256","7317","NC_001430","false","Picornaviridae Enterovirus D","91.63912","EV-D68","100.0","EV-D68","100.0","A2","100.0"
"MK419078","48","7312","7376","NC_001430","false","Picornaviridae Enterovirus D","91.58572","EV-D68","100.0","EV-D68","100.0","A2","100.0"
"MK419079","16","7286","7317","NC_001430","false","Picornaviridae Enterovirus D","91.604935","EV-D68","100.0","EV-D68","100.0","A2","100.0"
"MK491182","37","7324","7380","NC_001430","false","Picornaviridae Enterovirus D","92.40645","EV-D68","100.0","EV-D68","100.0","B3","100.0"
"MK659589","30","7331","7380","NC_001430","false","Picornaviridae Enterovirus D","92.499664","EV-D68","100.0","EV-D68","100.0","B3","100.0"
"MK659590","30","7331","7380","NC_001430","false","Picornaviridae Enterovirus D","92.390564","EV-D68","100.0","EV-D68","100.0","B3","100.0"
"MK659592","30","7331","7380","NC_001430","false","Picornaviridae Enterovirus D","92.445114","EV-D68","100.0","EV-D68","100.0","B3","100.0"
"MK659594","30","7331","7380","NC_001430","false","Picornaviridae Enterovirus D","92.52693","EV-D68","100.0","EV-D68","100.0","B3","100.0"
"MK659595","30","7331","7380","NC_001430","false","Picornaviridae Enterovirus D","92.48602","EV-D68","100.0","EV-D68","100.0","B3","100.0"
"MK659596","30","7331","7380","NC_001430","false","Picornaviridae Enterovirus D","92.5133","EV-D68","100.0","EV-D68","100.0","B3","100.0"
"MK659598","30","7331","7380","NC_001430","false","Picornaviridae Enterovirus D","92.4042","EV-D68","100.0","EV-D68","100.0","B3","100.0"
"MK659599","30","7331","7380","NC_001430","false","Picornaviridae Enterovirus D","92.43147","EV-D68","100.0","EV-D68","100.0","B3","100.0"
"MK659600","30","7331","7380","NC_001430","false","Picornaviridae Enterovirus D","92.32238","EV-D68","100.0","EV-D68","100.0","B3","100.0"
"MK659601","30","7331","7380","NC_001430","false","Picornaviridae Enterovirus D","92.445114","EV-D68","100.0","EV-D68","100.0","B3","100.0"
"MK659603","30","7331","7380","NC_001430","false","Picornaviridae Enterovirus D","92.55421","EV-D68","100.0","EV-D68","100.0","B3","100.0"
"MK659604","30","7331","7380","NC_001430","false","Picornaviridae Enterovirus D","92.499664","EV-D68","100.0","EV-D68","100.0","B3","100.0"
"MK681491","18","7330","7367","NC_001430","false","Picornaviridae Enterovirus D","92.76909","EV-D68","100.0","EV-D68","100.0","B1","100.0"
"MK681493","22","7334","7375","NC_001430","false","Picornaviridae Enterovirus D","93.08794","EV-D68","100.0","EV-D68","100.0","B1","100.0"
"MK681494","19","7337","7375","NC_001430","false","Picornaviridae Enterovirus D","92.712555","EV-D68","100.0","EV-D68","100.0","B1","100.0"
"MK681495","18","7337","7374","NC_001430","false","Picornaviridae Enterovirus D","92.776695","EV-D68","100.0","EV-D68","100.0","B1","100.0"
"MK681496","19","7342","7380","NC_001430","false","Picornaviridae Enterovirus D","93.04099","EV-D68","100.0","EV-D68","100.0","B1","100.0"
"MK681497","18","7330","7367","NC_001430","false","Picornaviridae Enterovirus D","92.79916","EV-D68","100.0","EV-D68","100.0","B1","100.0"
"MK681499","26","7330","7375","NC_001430","false","Picornaviridae Enterovirus D","93.04324","EV-D68","100.0","EV-D68","100.0","B1","100.0"
"MK681500","21","7329","7369","NC_001430","false","Picornaviridae Enterovirus D","93.09686","EV-D68","100.0","EV-D68","100.0","B1","100.0"
"MK681501","22","7328","7369","NC_001430","false","Picornaviridae Enterovirus D","92.75623","EV-D68","100.0","EV-D68","100.0","B1","100.0"
"MK681504","6","7338","7367","NC_001430","false","Picornaviridae Enterovirus D","92.75712","EV-D68","100.0","EV-D68","100.0","B1","100.0"
"MK689392","53","6628","6699","NC_001430","false","Picornaviridae Enterovirus D","92.43774","EV-D68","100.0","EV-D68","100.0","B3","100.0"
"MK989724","17","7251","7289","NC_001430","false","Picornaviridae Enterovirus D","92.32359","EV-D68","100.0","EV-D68","100.0","A1","100.0"
"MK989726","-6","7288","7303","NC_001430","false","Picornaviridae Enterovirus D","92.14472","EV-D68","100.0","EV-D68","100.0","A1","100.0"
"MN163000","72","7199","7289","NC_001430","false","Picornaviridae Enterovirus D","92.736115","EV-D68","100.0","EV-D68","100.0","B3","100.0"
"MN173594","65","7272","7356","NC_001430","false","Picornaviridae Enterovirus D","92.383835","EV-D68","100.0","EV-D68","100.0","B3","100.0"
"MN240491","17","7341","7379","NC_001430","false","Picornaviridae Enterovirus D","94.66303","EV-D68","100.0","EV-D68","100.0","A1","100.0"
"MN240492","17","7341","7380","NC_001430","false","Picornaviridae Enterovirus D","94.29543","EV-D68","100.0","EV-D68","100.0","A1","100.0"
"MN240493","17","7341","7380","NC_001430","false","Picornaviridae Enterovirus D","94.43159","EV-D68","100.0","EV-D68","100.0","A1","100.0"
"MN240494","17","7341","7380","NC_001430","false","Picornaviridae Enterovirus D","94.05037","EV-D68","100.0","EV-D68","100.0","A1","100.0"
"MN240495","17","7341","7380","NC_001430","false","Picornaviridae Enterovirus D","93.46494","EV-D68","100.0","EV-D68","100.0","A1","100.0"
"MN240497","28","7333","7380","NC_001430","false","Picornaviridae Enterovirus D","96.918465","EV-D68","100.0","EV-D68","100.0","US00","100.0"
"MN240498","28","7333","7380","NC_001430","false","Picornaviridae Enterovirus D","96.49577","EV-D68","100.0","EV-D68","100.0","US00","100.0"
"MN240499","17","7341","7380","NC_001430","false","Picornaviridae Enterovirus D","95.35739","EV-D68","100.0","EV-D68","100.0","A","100.0"
"MN240500","28","7333","7380","NC_001430","false","Picornaviridae Enterovirus D","96.11399","EV-D68","100.0","EV-D68","100.0","US00","100.0"
"MN240501","17","7341","7380","NC_001430","false","Picornaviridae Enterovirus D","95.26208","EV-D68","100.0","EV-D68","100.0","A","86.0"
"MN240502","28","7333","7380","NC_001430","false","Picornaviridae Enterovirus D","95.93674","EV-D68","100.0","EV-D68","100.0","Could not assign",""
"MN240503","17","7341","7379","NC_001430","false","Picornaviridae Enterovirus D","94.57914","EV-D68","100.0","EV-D68","100.0","A1","100.0"
"MN240504","29","7332","7380","NC_001430","false","Picornaviridae Enterovirus D","94.845924","EV-D68","100.0","EV-D68","100.0","C","100.0"
"MN240505","17","7341","7380","NC_001430","false","Picornaviridae Enterovirus D","93.54663","EV-D68","100.0","EV-D68","100.0","A1","100.0"
"MN240510","17","7341","7379","NC_001430","false","Picornaviridae Enterovirus D","95.41184","EV-D68","100.0","EV-D68","100.0","A","100.0"
"MN240511","28","7333","7380","NC_001430","false","Picornaviridae Enterovirus D","95.964005","EV-D68","100.0","EV-D68","100.0","US02","80.0"
"MN240512","17","7341","7380","NC_001430","false","Picornaviridae Enterovirus D","94.22737","EV-D68","100.0","EV-D68","100.0","A1","100.0"
"MN240513","29","7332","7380","NC_001430","false","Picornaviridae Enterovirus D","94.73685","EV-D68","100.0","EV-D68","100.0","C","100.0"
"MN240514","29","7332","7380","NC_001430","false","Picornaviridae Enterovirus D","94.69594","EV-D68","100.0","EV-D68","100.0","C","98.0"
"MN240515","17","7341","7380","NC_001430","false","Picornaviridae Enterovirus D","93.764465","EV-D68","100.0","EV-D68","100.0","A1","100.0"
"MN240517","28","7333","7380","NC_001430","false","Picornaviridae Enterovirus D","94.19144","EV-D68","100.0","EV-D68","100.0","C","96.0"
"MN240518","17","7341","7380","NC_001430","false","Picornaviridae Enterovirus D","93.56024","EV-D68","100.0","EV-D68","100.0","A1","100.0"
"MN240519","17","7341","7380","NC_001430","false","Picornaviridae Enterovirus D","93.451324","EV-D68","100.0","EV-D68","100.0","A1","100.0"
"MN245397","98","7177","7293","NC_001430","false","Picornaviridae Enterovirus D","92.63496","EV-D68","100.0","EV-D68","100.0","B3","100.0"
"MN245398","85","7193","7293","NC_001430","false","Picornaviridae Enterovirus D","91.609856","EV-D68","100.0","EV-D68","100.0","A2","100.0"
"MN245400","97","7173","7288","NC_001430","false","Picornaviridae Enterovirus D","92.65773","EV-D68","100.0","EV-D68","100.0","B3","100.0"
"MN245402","97","7178","7293","NC_001430","false","Picornaviridae Enterovirus D","92.244385","EV-D68","100.0","EV-D68","100.0","B3","100.0"
"MN245403","98","7177","7293","NC_001430","false","Picornaviridae Enterovirus D","92.45361","EV-D68","100.0","EV-D68","100.0","B3","100.0"
"MN245404","95","7181","7294","NC_001430","false","Picornaviridae Enterovirus D","92.63599","EV-D68","100.0","EV-D68","100.0","B3","100.0"
"MN245405","98","7177","7293","NC_001430","false","Picornaviridae Enterovirus D","92.46757","EV-D68","100.0","EV-D68","100.0","B3","100.0"
"MN245407","85","7194","7294","NC_001430","false","Picornaviridae Enterovirus D","91.79188","EV-D68","100.0","EV-D68","100.0","A2","100.0"
"MN245408","85","7194","7294","NC_001430","false","Picornaviridae Enterovirus D","91.58319","EV-D68","100.0","EV-D68","100.0","A2","100.0"
"MN245409","97","7179","7294","NC_001430","false","Picornaviridae Enterovirus D","92.58019","EV-D68","100.0","EV-D68","100.0","B3","100.0"
"MN245410","97","7179","7294","NC_001430","false","Picornaviridae Enterovirus D","92.14784","EV-D68","100.0","EV-D68","100.0","B3","100.0"
"MN245411","85","7194","7294","NC_001430","false","Picornaviridae Enterovirus D","91.63885","EV-D68","100.0","EV-D68","100.0","A2","100.0"
"MN245412","97","7179","7294","NC_001430","false","Picornaviridae Enterovirus D","92.63599","EV-D68","100.0","EV-D68","100.0","B3","100.0"
"MN245415","97","7178","7293","NC_001430","false","Picornaviridae Enterovirus D","92.621","EV-D68","100.0","EV-D68","100.0","B3","100.0"
"MN245416","97","7179","7294","NC_001430","false","Picornaviridae Enterovirus D","92.24547","EV-D68","100.0","EV-D68","100.0","B3","100.0"
"MN245419","97","7179","7294","NC_001430","false","Picornaviridae Enterovirus D","92.14784","EV-D68","100.0","EV-D68","100.0","B3","100.0"
"MN245420","85","7194","7294","NC_001430","false","Picornaviridae Enterovirus D","91.66667","EV-D68","100.0","EV-D68","100.0","A2","100.0"
"MN245421","85","7194","7294","NC_001430","false","Picornaviridae Enterovirus D","91.59711","EV-D68","100.0","EV-D68","100.0","A2","100.0"
"MN245422","85","7194","7294","NC_001430","false","Picornaviridae Enterovirus D","91.63885","EV-D68","100.0","EV-D68","100.0","A2","100.0"
"MN245423","97","7179","7294","NC_001430","false","Picornaviridae Enterovirus D","92.62203","EV-D68","100.0","EV-D68","100.0","B3","100.0"
"MN245430","85","7194","7294","NC_001430","false","Picornaviridae Enterovirus D","91.59711","EV-D68","100.0","EV-D68","100.0","A2","100.0"
"MN245433","85","7194","7294","NC_001430","false","Picornaviridae Enterovirus D","91.68058","EV-D68","100.0","EV-D68","100.0","A2","100.0"
"MN245434","85","7194","7294","NC_001430","false","Picornaviridae Enterovirus D","91.611015","EV-D68","100.0","EV-D68","100.0","A2","100.0"
"MN245436","85","7193","7293","NC_001430","false","Picornaviridae Enterovirus D","91.651596","EV-D68","100.0","EV-D68","100.0","A2","100.0"
"MN245438","97","7178","7293","NC_001430","false","Picornaviridae Enterovirus D","92.174644","EV-D68","100.0","EV-D68","100.0","B3","100.0"
"MN245439","85","7194","7294","NC_001430","false","Picornaviridae Enterovirus D","91.708405","EV-D68","100.0","EV-D68","100.0","A2","100.0"
"MN245440","85","7189","7289","NC_001430","false","Picornaviridae Enterovirus D","91.60518","EV-D68","100.0","EV-D68","100.0","A2","100.0"
"MN245441","97","7178","7293","NC_001430","false","Picornaviridae Enterovirus D","92.607056","EV-D68","100.0","EV-D68","100.0","B3","100.0"
"MN245443","97","7178","7293","NC_001430","false","Picornaviridae Enterovirus D","92.11885","EV-D68","100.0","EV-D68","100.0","B3","100.0"
"MN245444","97","7178","7293","NC_001430","false","Picornaviridae Enterovirus D","92.63496","EV-D68","100.0","EV-D68","100.0","B3","100.0"
"MN245446","97","7174","7289","NC_001430","false","Picornaviridae Enterovirus D","92.37962","EV-D68","100.0","EV-D68","100.0","B3","100.0"
"MN245447","97","7178","7293","NC_001430","false","Picornaviridae Enterovirus D","92.48152","EV-D68","100.0","EV-D68","100.0","B3","100.0"
"MN245448","97","7179","7294","NC_001430","false","Picornaviridae Enterovirus D","92.59414","EV-D68","100.0","EV-D68","100.0","B3","100.0"
"MN245981","36","7325","7380","NC_001430","false","Picornaviridae Enterovirus D","92.479866","EV-D68","100.0","EV-D68","100.0","B3","100.0"
"MN245982","37","7324","7380","NC_001430","false","Picornaviridae Enterovirus D","92.529366","EV-D68","100.0","EV-D68","100.0","B3","100.0"
"MN245983","37","7324","7380","NC_001430","false","Picornaviridae Enterovirus D","92.461075","EV-D68","100.0","EV-D68","100.0","B3","100.0"
"MN245986","37","7324","7380","NC_001430","false","Picornaviridae Enterovirus D","92.560745","EV-D68","100.0","EV-D68","100.0","B3","100.0"
"MN245987","37","7324","7380","NC_001430","false","Picornaviridae Enterovirus D","92.51571","EV-D68","100.0","EV-D68","100.0","B3","100.0"
"MN245988","29","7332","7380","NC_001430","false","Picornaviridae Enterovirus D","92.47341","EV-D68","100.0","EV-D68","100.0","B3","100.0"
"MN245989","37","7324","7380","NC_001430","false","Picornaviridae Enterovirus D","92.39279","EV-D68","100.0","EV-D68","100.0","B3","100.0"
"MN245991","37","7324","7380","NC_001430","false","Picornaviridae Enterovirus D","92.529366","EV-D68","100.0","EV-D68","100.0","B3","100.0"
"MN245994","37","7324","7380","NC_001430","false","Picornaviridae Enterovirus D","92.43376","EV-D68","100.0","EV-D68","100.0","B3","100.0"
"MN245996","37","7324","7380","NC_001430","false","Picornaviridae Enterovirus D","92.461075","EV-D68","100.0","EV-D68","100.0","B3","100.0"
"MN245998","37","7324","7380","NC_001430","false","Picornaviridae Enterovirus D","92.47473","EV-D68","100.0","EV-D68","100.0","B3","100.0"
"MN246001","37","7324","7380","NC_001430","false","Picornaviridae Enterovirus D","92.36547","EV-D68","100.0","EV-D68","100.0","B3","100.0"
"MN246002","37","7324","7380","NC_001430","false","Picornaviridae Enterovirus D","92.48839","EV-D68","100.0","EV-D68","100.0","B3","100.0"
"MN246003","37","7324","7380","NC_001430","false","Picornaviridae Enterovirus D","92.33816","EV-D68","100.0","EV-D68","100.0","B3","100.0"
"MN246005","37","7324","7380","NC_001430","false","Picornaviridae Enterovirus D","92.461075","EV-D68","100.0","EV-D68","100.0","B3","100.0"
"MN246006","37","7324","7380","NC_001430","false","Picornaviridae Enterovirus D","92.54302","EV-D68","100.0","EV-D68","100.0","B3","100.0"
"MN246007","41","7320","7380","NC_001430","false","Picornaviridae Enterovirus D","92.43376","EV-D68","100.0","EV-D68","100.0","B3","100.0"
"MN246017","37","7324","7380","NC_001430","false","Picornaviridae Enterovirus D","92.529366","EV-D68","100.0","EV-D68","100.0","B3","100.0"
"MN246018","38","7323","7380","NC_001430","false","Picornaviridae Enterovirus D","92.529366","EV-D68","100.0","EV-D68","100.0","B3","100.0"
"MN246020","37","7324","7380","NC_001430","false","Picornaviridae Enterovirus D","92.51571","EV-D68","100.0","EV-D68","100.0","B3","100.0"
"MN246021","37","7324","7380","NC_001430","false","Picornaviridae Enterovirus D","92.461075","EV-D68","100.0","EV-D68","100.0","B3","100.0"
"MN246023","37","7324","7380","NC_001430","false","Picornaviridae Enterovirus D","92.529366","EV-D68","100.0","EV-D68","100.0","B3","100.0"
"MN246024","37","7324","7380","NC_001430","false","Picornaviridae Enterovirus D","92.529366","EV-D68","100.0","EV-D68","100.0","B3","100.0"
"MN246026","37","7324","7380","NC_001430","false","Picornaviridae Enterovirus D","92.50205","EV-D68","100.0","EV-D68","100.0","B3","100.0"
"MN246039","37","7324","7380","NC_001430","false","Picornaviridae Enterovirus D","92.51571","EV-D68","100.0","EV-D68","100.0","B3","100.0"
"MN259107","34","7314","7367","NC_001430","false","Picornaviridae Enterovirus D","92.7136","EV-D68","100.0","EV-D68","100.0","B3","100.0"
"MN259108","33","7317","7369","NC_001430","false","Picornaviridae Enterovirus D","92.74392","EV-D68","100.0","EV-D68","100.0","B3","100.0"
"MN259111","35","7315","7369","NC_001430","false","Picornaviridae Enterovirus D","92.76532","EV-D68","100.0","EV-D68","100.0","B3","100.0"
"MN259112","35","7320","7374","NC_001430","false","Picornaviridae Enterovirus D","92.62396","EV-D68","100.0","EV-D68","100.0","B3","100.0"
"MN259113","34","7321","7374","NC_001430","false","Picornaviridae Enterovirus D","92.611305","EV-D68","100.0","EV-D68","100.0","B3","100.0"
"MN259114","34","7321","7374","NC_001430","false","Picornaviridae Enterovirus D","92.84348","EV-D68","100.0","EV-D68","100.0","B3","100.0"
"MN259115","34","7321","7374","NC_001430","false","Picornaviridae Enterovirus D","92.570335","EV-D68","100.0","EV-D68","100.0","B3","100.0"
"MN259117","35","7321","7375","NC_001430","false","Picornaviridae Enterovirus D","92.74789","EV-D68","100.0","EV-D68","100.0","B3","100.0"
"MN259118","36","7319","7374","NC_001430","false","Picornaviridae Enterovirus D","92.60626","EV-D68","100.0","EV-D68","100.0","B3","100.0"
"MN259119","31","7321","7371","NC_001430","false","Picornaviridae Enterovirus D","92.76154","EV-D68","100.0","EV-D68","100.0","B3","100.0"
"MN259120","36","7319","7374","NC_001430","false","Picornaviridae Enterovirus D","92.741936","EV-D68","100.0","EV-D68","100.0","B3","100.0"
"MN365195","28","7328","7375","NC_001430","false","Picornaviridae Enterovirus D","92.737206","EV-D68","100.0","EV-D68","100.0","B3","100.0"
"MN365196","27","7329","7375","NC_001430","false","Picornaviridae Enterovirus D","92.73819","EV-D68","100.0","EV-D68","100.0","B3","100.0"
"MN389730","28","7333","7380","NC_001430","false","Picornaviridae Enterovirus D","92.379005","EV-D68","100.0","EV-D68","100.0","B3","100.0"
"MN389731","29","7332","7379","NC_001430","false","Picornaviridae Enterovirus D","92.3507","EV-D68","100.0","EV-D68","100.0","B3","100.0"
"MN389734","29","7332","7380","NC_001430","false","Picornaviridae Enterovirus D","92.45978","EV-D68","100.0","EV-D68","100.0","B3","100.0"
"MN389735","29","7332","7380","NC_001430","false","Picornaviridae Enterovirus D","92.446144","EV-D68","100.0","EV-D68","100.0","B3","100.0"
"MN726801","17","7346","7379","NC_001430","false","Picornaviridae Enterovirus D","91.4966","EV-D68","100.0","EV-D68","100.0","A2","100.0"
"MN935870","97","7179","7294","NC_001430","false","Picornaviridae Enterovirus D","92.41283","EV-D68","100.0","EV-D68","100.0","B3","100.0"
"MT081368","29","7332","7380","NC_001430","false","Picornaviridae Enterovirus D","92.5825","EV-D68","100.0","EV-D68","100.0","B3","100.0"
"MT789734","28","7333","7380","NC_001430","false","Picornaviridae Enterovirus D","92.855194","EV-D68","100.0","EV-D68","100.0","B3","100.0"
"MT789735","29","7332","7380","NC_001430","false","Picornaviridae Enterovirus D","92.75974","EV-D68","100.0","EV-D68","100.0","B3","100.0"
"MT789737","28","7333","7380","NC_001430","false","Picornaviridae Enterovirus D","92.855194","EV-D68","100.0","EV-D68","100.0","B3","100.0"
"MT789739","28","7333","7380","NC_001430","false","Picornaviridae Enterovirus D","92.609764","EV-D68","100.0","EV-D68","100.0","B3","100.0"
"MT789743","28","7333","7380","NC_001430","false","Picornaviridae Enterovirus D","92.45978","EV-D68","100.0","EV-D68","100.0","B3","100.0"
"MT789744","28","7333","7380","NC_001430","false","Picornaviridae Enterovirus D","92.6234","EV-D68","100.0","EV-D68","100.0","B3","100.0"
"MT789747","28","7333","7380","NC_001430","false","Picornaviridae Enterovirus D","92.18708","EV-D68","100.0","EV-D68","100.0","B3","100.0"
"MT789749","16","7348","7380","NC_001430","false","Picornaviridae Enterovirus D","91.62133","EV-D68","100.0","EV-D68","100.0","A2","100.0"
"MT789752","16","7302","7334","NC_001430","false","Picornaviridae Enterovirus D","91.71913","EV-D68","100.0","EV-D68","100.0","A2","100.0"
"MT789754","16","7230","7261","NC_001430","false","Picornaviridae Enterovirus D","91.53995","EV-D68","100.0","EV-D68","100.0","A2","100.0"
"MT789755","16","7230","7261","NC_001430","false","Picornaviridae Enterovirus D","91.678185","EV-D68","100.0","EV-D68","100.0","A2","100.0"
"MT791927","29","7332","7380","NC_001430","false","Picornaviridae Enterovirus D","92.92337","EV-D68","100.0","EV-D68","100.0","B2","100.0"
"MT791929","28","7333","7380","NC_001430","false","Picornaviridae Enterovirus D","92.80065","EV-D68","100.0","EV-D68","100.0","B3","100.0"
"MT791930","28","7333","7380","NC_001430","false","Picornaviridae Enterovirus D","92.84156","EV-D68","100.0","EV-D68","100.0","B3","100.0"
"MT791933","28","7333","7380","NC_001430","false","Picornaviridae Enterovirus D","92.65067","EV-D68","100.0","EV-D68","100.0","B3","100.0"
"MT791934","16","7348","7380","NC_001430","false","Picornaviridae Enterovirus D","91.73014","EV-D68","100.0","EV-D68","100.0","A2","100.0"
"MW567157","17","7347","7380","NC_001430","false","Picornaviridae Enterovirus D","92.10992","EV-D68","100.0","EV-D68","100.0","A2","100.0"
"MW567158","17","7347","7380","NC_001430","false","Picornaviridae Enterovirus D","91.98749","EV-D68","100.0","EV-D68","100.0","A2","100.0"
"MW567160","17","7347","7380","NC_001430","false","Picornaviridae Enterovirus D","92.10992","EV-D68","100.0","EV-D68","100.0","A2","100.0"
"MW664343","64","7253","7336","NC_001430","false","Picornaviridae Enterovirus D","92.624756","EV-D68","100.0","EV-D68","100.0","B3","100.0"
"MW664344","64","7253","7336","NC_001430","false","Picornaviridae Enterovirus D","92.65233","EV-D68","100.0","EV-D68","100.0","B3","100.0"
"MW664345","64","7253","7336","NC_001430","false","Picornaviridae Enterovirus D","92.6799","EV-D68","100.0","EV-D68","100.0","B3","100.0"
"MW664346","64","7253","7336","NC_001430","false","Picornaviridae Enterovirus D","92.5834","EV-D68","100.0","EV-D68","100.0","B3","100.0"
"MW697453","35","7309","7362","NC_001430","false","Picornaviridae Enterovirus D","92.569786","EV-D68","100.0","EV-D68","100.0","B3","100.0"
"MZ824222","25","7335","7378","NC_001430","false","Picornaviridae Enterovirus D","92.405235","EV-D68","100.0","EV-D68","100.0","B3","100.0"
"MZ824224","29","7331","7379","NC_001430","false","Picornaviridae Enterovirus D","92.32028","EV-D68","100.0","EV-D68","100.0","B3","100.0"
"OK085434","726","6570","7311","NC_001430","false","Picornaviridae Enterovirus D","91.58679","EV-D68","100.0","EV-D68","100.0","A2","100.0"
"OK085435","726","6567","7311","NC_001430","false","Picornaviridae Enterovirus D","92.27958","EV-D68","100.0","EV-D68","100.0","B3","100.0"
"OK085436","726","6567","7311","NC_001430","false","Picornaviridae Enterovirus D","92.09685","EV-D68","100.0","EV-D68","100.0","B3","100.0"
"OK085437","726","6567","7311","NC_001430","false","Picornaviridae Enterovirus D","92.15776","EV-D68","100.0","EV-D68","100.0","B3","100.0"
"OK085438","726","6567","7311","NC_001430","false","Picornaviridae Enterovirus D","92.310036","EV-D68","100.0","EV-D68","100.0","B3","100.0"
"OK085439","726","6567","7311","NC_001430","false","Picornaviridae Enterovirus D","92.15776","EV-D68","100.0","EV-D68","100.0","B3","100.0"
"OK085440","726","6567","7311","NC_001430","false","Picornaviridae Enterovirus D","91.89889","EV-D68","100.0","EV-D68","100.0","B3","100.0"
"OK085441","726","6567","7311","NC_001430","false","Picornaviridae Enterovirus D","92.18822","EV-D68","100.0","EV-D68","100.0","B3","100.0"
"OK085443","726","6567","7311","NC_001430","false","Picornaviridae Enterovirus D","92.233894","EV-D68","100.0","EV-D68","100.0","B3","100.0"
"OK085445","726","6567","7311","NC_001430","false","Picornaviridae Enterovirus D","92.218666","EV-D68","100.0","EV-D68","100.0","B3","100.0"
"OK085448","726","6567","7311","NC_001430","false","Picornaviridae Enterovirus D","92.218666","EV-D68","100.0","EV-D68","100.0","B3","100.0"
"OK085449","726","6567","7311","NC_001430","false","Picornaviridae Enterovirus D","92.15776","EV-D68","100.0","EV-D68","100.0","B3","100.0"
"OK085450","726","6567","7311","NC_001430","false","Picornaviridae Enterovirus D","92.203445","EV-D68","100.0","EV-D68","100.0","B3","100.0"
"OK085451","726","6567","7311","NC_001430","false","Picornaviridae Enterovirus D","92.18822","EV-D68","100.0","EV-D68","100.0","B3","100.0"
"OK085452","726","6567","7311","NC_001430","false","Picornaviridae Enterovirus D","92.15776","EV-D68","100.0","EV-D68","100.0","B3","100.0"
"OK085453","726","6567","7311","NC_001430","false","Picornaviridae Enterovirus D","92.15776","EV-D68","100.0","EV-D68","100.0","B3","100.0"
"OK085454","726","6567","7311","NC_001430","false","Picornaviridae Enterovirus D","92.127304","EV-D68","100.0","EV-D68","100.0","B3","100.0"
"OK085455","726","6567","7311","NC_001430","false","Picornaviridae Enterovirus D","92.09685","EV-D68","100.0","EV-D68","100.0","B3","100.0"
"OK085457","726","6567","7311","NC_001430","false","Picornaviridae Enterovirus D","92.08162","EV-D68","100.0","EV-D68","100.0","B3","100.0"
"OK085459","726","6567","7311","NC_001430","false","Picornaviridae Enterovirus D","92.142525","EV-D68","100.0","EV-D68","100.0","B3","100.0"
"OK085462","726","6567","7311","NC_001430","false","Picornaviridae Enterovirus D","92.112076","EV-D68","100.0","EV-D68","100.0","B3","100.0"
"OK085463","726","6567","7311","NC_001430","false","Picornaviridae Enterovirus D","92.310036","EV-D68","100.0","EV-D68","100.0","B3","100.0"
"OK085464","726","6567","7311","NC_001430","false","Picornaviridae Enterovirus D","92.37095","EV-D68","100.0","EV-D68","100.0","B3","100.0"
"OP267493","30","7417","7465","NC_001430","false","Picornaviridae Enterovirus D","92.07691","EV-D68","100.0","EV-D68","100.0","B3","100.0"
"OP267495","29","7365","7416","NC_001430","false","Picornaviridae Enterovirus D","91.695076","EV-D68","100.0","EV-D68","100.0","B3","100.0"
"OP267496","29","7228","7278","NC_001430","false","Picornaviridae Enterovirus D","91.71737","EV-D68","100.0","EV-D68","100.0","B3","100.0"
"OP267498","29","7358","7408","NC_001430","false","Picornaviridae Enterovirus D","91.885994","EV-D68","100.0","EV-D68","100.0","B3","100.0"
"OP267499","29","7366","7417","NC_001430","false","Picornaviridae Enterovirus D","91.98145","EV-D68","100.0","EV-D68","100.0","B3","100.0"
"OP267500","30","7384","7432","NC_001430","false","Picornaviridae Enterovirus D","92.07691","EV-D68","100.0","EV-D68","100.0","B3","100.0"
"OP267501","30","7379","7427","NC_001430","false","Picornaviridae Enterovirus D","92.02236","EV-D68","100.0","EV-D68","100.0","B3","100.0"
"OP267502","30","7371","7419","NC_001430","false","Picornaviridae Enterovirus D","92.090546","EV-D68","100.0","EV-D68","100.0","B3","100.0"
"OP267503","30","7417","7465","NC_001430","false","Picornaviridae Enterovirus D","92.06328","EV-D68","100.0","EV-D68","100.0","B3","100.0"
"OP267504","30","7426","7474","NC_001430","false","Picornaviridae Enterovirus D","92.04964","EV-D68","100.0","EV-D68","100.0","B3","100.0"
"OP267505","30","7371","7419","NC_001430","false","Picornaviridae Enterovirus D","91.91327","EV-D68","100.0","EV-D68","100.0","B3","100.0"
"OP267506","30","7398","7446","NC_001430","false","Picornaviridae Enterovirus D","92.02236","EV-D68","100.0","EV-D68","100.0","B3","100.0"
"OP267507","30","7389","7437","NC_001430","false","Picornaviridae Enterovirus D","92.07691","EV-D68","100.0","EV-D68","100.0","B3","100.0"
"OP267509","30","7410","7458","NC_001430","false","Picornaviridae Enterovirus D","92.13146","EV-D68","100.0","EV-D68","100.0","B3","100.0"
"OP267510","30","7370","7418","NC_001430","false","Picornaviridae Enterovirus D","92.036","EV-D68","100.0","EV-D68","100.0","B3","100.0"
"OP267511","29","7366","7417","NC_001430","false","Picornaviridae Enterovirus D","91.73599","EV-D68","100.0","EV-D68","100.0","B3","100.0"
"OP267512","30","7349","7397","NC_001430","false","Picornaviridae Enterovirus D","92.11782","EV-D68","100.0","EV-D68","100.0","B3","100.0"
"OP267514","30","7392","7440","NC_001430","false","Picornaviridae Enterovirus D","92.02236","EV-D68","100.0","EV-D68","100.0","B3","100.0"
"OP267515","29","7403","7454","NC_001430","false","Picornaviridae Enterovirus D","91.81781","EV-D68","100.0","EV-D68","100.0","B3","100.0"
"OP267516","29","7400","7451","NC_001430","false","Picornaviridae Enterovirus D","91.790535","EV-D68","100.0","EV-D68","100.0","B3","100.0"
"OP267518","30","7414","7462","NC_001430","false","Picornaviridae Enterovirus D","92.036","EV-D68","100.0","EV-D68","100.0","B3","100.0"
"OP267519","30","7317","7365","NC_001430","false","Picornaviridae Enterovirus D","92.08908","EV-D68","100.0","EV-D68","100.0","B3","100.0"
"OP267520","29","7228","7278","NC_001430","false","Picornaviridae Enterovirus D","91.75885","EV-D68","100.0","EV-D68","100.0","B3","100.0"
"OP267521","29","7362","7413","NC_001430","false","Picornaviridae Enterovirus D","91.68144","EV-D68","100.0","EV-D68","100.0","B3","100.0"
"OP267522","29","7430","7481","NC_001430","false","Picornaviridae Enterovirus D","91.7769","EV-D68","100.0","EV-D68","100.0","B3","100.0"
"OP267523","30","7334","7382","NC_001430","false","Picornaviridae Enterovirus D","91.95418","EV-D68","100.0","EV-D68","100.0","B3","100.0"
"OP295397","32","7316","7366","NC_001430","false","Picornaviridae Enterovirus D","92.03335","EV-D68","100.0","EV-D68","100.0","B3","100.0"
"OP295399","193","7108","7319","NC_001430","false","Picornaviridae Enterovirus D","92.0664","EV-D68","100.0","EV-D68","100.0","B3","100.0"
"OP295400","193","7107","7318","NC_001430","false","Picornaviridae Enterovirus D","91.980865","EV-D68","100.0","EV-D68","100.0","B3","100.0"
"OP295402","193","7106","7317","NC_001430","false","Picornaviridae Enterovirus D","91.993805","EV-D68","100.0","EV-D68","100.0","B3","100.0"
"OP295403","193","7108","7319","NC_001430","false","Picornaviridae Enterovirus D","92.150795","EV-D68","100.0","EV-D68","100.0","B3","100.0"
"OP295404","193","7108","7319","NC_001430","false","Picornaviridae Enterovirus D","92.17893","EV-D68","100.0","EV-D68","100.0","B3","100.0"
"OP295405","193","7108","7319","NC_001430","false","Picornaviridae Enterovirus D","91.54593","EV-D68","100.0","EV-D68","100.0","B3","100.0"
"OP321140","32","7326","7376","NC_001430","false","Picornaviridae Enterovirus D","91.911064","EV-D68","100.0","EV-D68","100.0","B3","100.0"
"OP321141","29","7326","7373","NC_001430","false","Picornaviridae Enterovirus D","91.86792","EV-D68","100.0","EV-D68","100.0","B3","100.0"
"OP321142","29","7326","7373","NC_001430","false","Picornaviridae Enterovirus D","91.88157","EV-D68","100.0","EV-D68","100.0","B3","100.0"
"OP321144","29","7326","7373","NC_001430","false","Picornaviridae Enterovirus D","91.9225","EV-D68","100.0","EV-D68","100.0","B3","100.0"
"OP321145","29","7328","7375","NC_001430","false","Picornaviridae Enterovirus D","91.89742","EV-D68","100.0","EV-D68","100.0","B3","100.0"
"OP321148","29","7326","7373","NC_001430","false","Picornaviridae Enterovirus D","91.94979","EV-D68","100.0","EV-D68","100.0","B3","100.0"
"OP321149","193","7163","7374","NC_001430","false","Picornaviridae Enterovirus D","91.34804","EV-D68","100.0","EV-D68","100.0","B3","100.0"
"OP321150","29","7326","7373","NC_001430","false","Picornaviridae Enterovirus D","91.86792","EV-D68","100.0","EV-D68","100.0","B3","100.0"
"OP321151","28","7328","7374","NC_001430","false","Picornaviridae Enterovirus D","91.26876","EV-D68","100.0","EV-D68","100.0","B3","100.0"
"OP321152","193","7162","7373","NC_001430","false","Picornaviridae Enterovirus D","91.45728","EV-D68","100.0","EV-D68","100.0","B3","100.0"
"OP321153","30","7328","7376","NC_001430","false","Picornaviridae Enterovirus D","91.84286","EV-D68","100.0","EV-D68","100.0","B3","100.0"
"OP321154","29","7326","7373","NC_001430","false","Picornaviridae Enterovirus D","91.93614","EV-D68","100.0","EV-D68","100.0","B3","100.0"
"OP389245","49","7312","7379","NC_001430","false","Picornaviridae Enterovirus D","91.85125","EV-D68","100.0","EV-D68","100.0","B3","100.0"
"OP572036","29","7329","7376","NC_001430","false","Picornaviridae Enterovirus D","91.96672","EV-D68","100.0","EV-D68","100.0","B3","100.0"
"OP572037","64","7296","7378","NC_001430","false","Picornaviridae Enterovirus D","91.930405","EV-D68","100.0","EV-D68","100.0","B3","100.0"
"OP572038","29","7330","7377","NC_001430","false","Picornaviridae Enterovirus D","91.845085","EV-D68","100.0","EV-D68","100.0","B3","100.0"
"OP572039","29","7330","7377","NC_001430","false","Picornaviridae Enterovirus D","92.00873","EV-D68","100.0","EV-D68","100.0","B3","100.0"
"OP572040","29","7329","7376","NC_001430","false","Picornaviridae Enterovirus D","91.88489","EV-D68","100.0","EV-D68","100.0","B3","100.0"
"OP572041","32","7326","7376","NC_001430","false","Picornaviridae Enterovirus D","91.816696","EV-D68","100.0","EV-D68","100.0","B3","100.0"
"OP572042","64","7296","7378","NC_001430","false","Picornaviridae Enterovirus D","91.8756","EV-D68","100.0","EV-D68","100.0","B3","100.0"
"OP572043","29","7328","7375","NC_001430","false","Picornaviridae Enterovirus D","91.81558","EV-D68","100.0","EV-D68","100.0","B3","100.0"
"OP572045","29","7328","7375","NC_001430","false","Picornaviridae Enterovirus D","91.96563","EV-D68","100.0","EV-D68","100.0","B3","100.0"
"OP572047","29","7330","7377","NC_001430","false","Picornaviridae Enterovirus D","91.96781","EV-D68","100.0","EV-D68","100.0","B3","100.0"
"OP572048","29","7331","7378","NC_001430","false","Picornaviridae Enterovirus D","91.95528","EV-D68","100.0","EV-D68","100.0","B3","100.0"
"OP572049","29","7329","7376","NC_001430","false","Picornaviridae Enterovirus D","91.89852","EV-D68","100.0","EV-D68","100.0","B3","100.0"
"OP572051","29","7331","7378","NC_001430","false","Picornaviridae Enterovirus D","91.85983","EV-D68","100.0","EV-D68","100.0","B3","100.0"
"OP572052","29","7331","7378","NC_001430","false","Picornaviridae Enterovirus D","91.94164","EV-D68","100.0","EV-D68","100.0","B3","100.0"
"OP572055","29","7331","7378","NC_001430","false","Picornaviridae Enterovirus D","91.8871","EV-D68","100.0","EV-D68","100.0","B3","100.0"
"OP572056","29","7327","7374","NC_001430","false","Picornaviridae Enterovirus D","91.93724","EV-D68","100.0","EV-D68","100.0","B3","100.0"
"OP572057","63","7295","7376","NC_001430","false","Picornaviridae Enterovirus D","91.96931","EV-D68","100.0","EV-D68","100.0","B3","100.0"
"OP572058","29","7331","7378","NC_001430","false","Picornaviridae Enterovirus D","91.77802","EV-D68","100.0","EV-D68","100.0","B3","100.0"
"OP572059","29","7328","7375","NC_001430","false","Picornaviridae Enterovirus D","91.8565","EV-D68","100.0","EV-D68","100.0","B3","100.0"
"OP572061","29","7332","7379","NC_001430","false","Picornaviridae Enterovirus D","91.92801","EV-D68","100.0","EV-D68","100.0","B3","100.0"
"OP572062","29","7331","7378","NC_001430","false","Picornaviridae Enterovirus D","91.914375","EV-D68","100.0","EV-D68","100.0","B3","100.0"
"OP572063","29","7328","7375","NC_001430","false","Picornaviridae Enterovirus D","92.02019","EV-D68","100.0","EV-D68","100.0","B3","100.0"
"OP572064","29","7328","7375","NC_001430","false","Picornaviridae Enterovirus D","91.924706","EV-D68","100.0","EV-D68","100.0","B3","100.0"
"OP572065","29","7331","7378","NC_001430","false","Picornaviridae Enterovirus D","91.98255","EV-D68","100.0","EV-D68","100.0","B3","100.0"
"OP572067","29","7332","7379","NC_001430","false","Picornaviridae Enterovirus D","91.72348","EV-D68","100.0","EV-D68","100.0","B3","100.0"
"OP572068","29","7328","7375","NC_001430","false","Picornaviridae Enterovirus D","91.80193","EV-D68","100.0","EV-D68","100.0","B3","100.0"
"OP572069","29","7328","7376","NC_001430","false","Picornaviridae Enterovirus D","92.23738","EV-D68","100.0","EV-D68","100.0","B3","100.0"
"OP572071","29","7331","7378","NC_001430","false","Picornaviridae Enterovirus D","91.900734","EV-D68","100.0","EV-D68","100.0","B3","100.0"
"OP572073","29","7329","7376","NC_001430","false","Picornaviridae Enterovirus D","91.89852","EV-D68","100.0","EV-D68","100.0","B3","100.0"
"OP572077","29","7329","7377","NC_001430","false","Picornaviridae Enterovirus D","91.54276","EV-D68","100.0","EV-D68","100.0","B3","100.0"
"OP572078","29","7330","7377","NC_001430","false","Picornaviridae Enterovirus D","91.790535","EV-D68","100.0","EV-D68","100.0","B3","100.0"
"OP572081","29","7330","7378","NC_001430","false","Picornaviridae Enterovirus D","91.91217","EV-D68","100.0","EV-D68","100.0","B3","100.0"
"OP572082","29","7329","7376","NC_001430","false","Picornaviridae Enterovirus D","91.87125","EV-D68","100.0","EV-D68","100.0","B3","100.0"
"OP572083","29","7329","7376","NC_001430","false","Picornaviridae Enterovirus D","91.78942","EV-D68","100.0","EV-D68","100.0","B3","100.0"
"OP572084","30","7328","7376","NC_001430","false","Picornaviridae Enterovirus D","91.66553","EV-D68","100.0","EV-D68","100.0","B3","100.0"
"OP572087","29","7326","7373","NC_001430","false","Picornaviridae Enterovirus D","91.89521","EV-D68","100.0","EV-D68","100.0","B3","100.0"
"OP572088","29","7329","7376","NC_001430","false","Picornaviridae Enterovirus D","91.85761","EV-D68","100.0","EV-D68","100.0","B3","100.0"
"OP572089","30","7327","7375","NC_001430","false","Picornaviridae Enterovirus D","91.89632","EV-D68","100.0","EV-D68","100.0","B3","100.0"
"OP572090","29","7331","7378","NC_001430","false","Picornaviridae Enterovirus D","91.96891","EV-D68","100.0","EV-D68","100.0","B3","100.0"
"OP572092","60","7296","7375","NC_001430","false","Picornaviridae Enterovirus D","91.34414","EV-D68","100.0","EV-D68","100.0","B3","100.0"
"OP779778","36","7313","7367","NC_001430","false","Picornaviridae Enterovirus D","91.935486","EV-D68","100.0","EV-D68","100.0","B3","100.0"
"OQ126959","106","7246","7374","NC_001430","false","Picornaviridae Enterovirus D","92.02648","EV-D68","100.0","EV-D68","100.0","B3","100.0"
"OQ126960","105","7224","7351","NC_001430","false","Picornaviridae Enterovirus D","91.80736","EV-D68","100.0","EV-D68","100.0","B3","100.0"
"OQ126962","82","7248","7348","NC_001430","false","Picornaviridae Enterovirus D","91.986206","EV-D68","100.0","EV-D68","100.0","B3","100.0"
"OQ126963","82","7248","7348","NC_001430","false","Picornaviridae Enterovirus D","91.93103","EV-D68","100.0","EV-D68","100.0","B3","100.0"
"OQ126964","82","7248","7348","NC_001430","false","Picornaviridae Enterovirus D","91.84828","EV-D68","100.0","EV-D68","100.0","B3","100.0"
"OQ126965","82","7248","7348","NC_001430","false","Picornaviridae Enterovirus D","92.04138","EV-D68","100.0","EV-D68","100.0","B3","100.0"
"OQ126967","82","7248","7348","NC_001430","false","Picornaviridae Enterovirus D","91.944824","EV-D68","100.0","EV-D68","100.0","B3","100.0"
"OQ126968","82","7248","7348","NC_001430","false","Picornaviridae Enterovirus D","91.944824","EV-D68","100.0","EV-D68","100.0","B3","100.0"
"OQ126970","64","7279","7361","NC_001430","false","Picornaviridae Enterovirus D","91.95166","EV-D68","100.0","EV-D68","100.0","B3","100.0"
"OQ126972","64","7279","7361","NC_001430","false","Picornaviridae Enterovirus D","91.91045","EV-D68","100.0","EV-D68","100.0","B3","100.0"
"OQ126973","279","6072","6369","NC_001430","false","Picornaviridae Enterovirus D","91.91504","EV-D68","100.0","EV-D68","100.0","B3","100.0"
"OQ126974","107","7252","7377","NC_001430","false","Picornaviridae Enterovirus D","92.12631","EV-D68","100.0","EV-D68","100.0","B3","100.0"
"OQ126975","107","7252","7377","NC_001430","false","Picornaviridae Enterovirus D","92.15389","EV-D68","100.0","EV-D68","100.0","B3","100.0"
"OQ126978","107","7252","7377","NC_001430","false","Picornaviridae Enterovirus D","92.029785","EV-D68","100.0","EV-D68","100.0","B3","100.0"
"OQ126980","107","7252","7377","NC_001430","false","Picornaviridae Enterovirus D","92.01599","EV-D68","100.0","EV-D68","100.0","B3","100.0"
"OQ126981","82","7249","7349","NC_001430","false","Picornaviridae Enterovirus D","91.91836","EV-D68","100.0","EV-D68","100.0","B3","100.0"
"OQ126982","91","7222","7331","NC_001430","false","Picornaviridae Enterovirus D","91.95227","EV-D68","100.0","EV-D68","100.0","B3","100.0"
"OQ126983","107","7252","7377","NC_001430","false","Picornaviridae Enterovirus D","92.084946","EV-D68","100.0","EV-D68","100.0","B3","100.0"
"OQ126984","54","7290","7362","NC_001430","false","Picornaviridae Enterovirus D","91.9045","EV-D68","100.0","EV-D68","100.0","B3","100.0"
"OQ126985","107","7252","7377","NC_001430","false","Picornaviridae Enterovirus D","92.22283","EV-D68","100.0","EV-D68","100.0","B3","100.0"
"OQ126988","82","7248","7348","NC_001430","false","Picornaviridae Enterovirus D","91.986206","EV-D68","100.0","EV-D68","100.0","B3","100.0"
"OQ126991","82","7252","7352","NC_001430","false","Picornaviridae Enterovirus D","92.100914","EV-D68","100.0","EV-D68","100.0","B3","100.0"
"OQ126993","82","7248","7348","NC_001430","false","Picornaviridae Enterovirus D","92.013794","EV-D68","100.0","EV-D68","100.0","B3","100.0"
"OQ126999","70","7260","7348","NC_001430","false","Picornaviridae Enterovirus D","92.12338","EV-D68","100.0","EV-D68","100.0","B3","100.0"
"OQ127000","82","7248","7348","NC_001430","false","Picornaviridae Enterovirus D","91.917244","EV-D68","100.0","EV-D68","100.0","B3","100.0"
"OQ127001","82","7248","7348","NC_001430","false","Picornaviridae Enterovirus D","92.04138","EV-D68","100.0","EV-D68","100.0","B3","100.0"
"OQ127002","69","7261","7349","NC_001430","false","Picornaviridae Enterovirus D","91.09796","EV-D68","100.0","EV-D68","100.0","A2","100.0"
"OQ127003","106","7250","7378","NC_001430","false","Picornaviridae Enterovirus D","91.83673","EV-D68","100.0","EV-D68","100.0","B3","100.0"
"OQ139571","82","7247","7347","NC_001430","false","Picornaviridae Enterovirus D","92.012695","EV-D68","100.0","EV-D68","100.0","B3","100.0"
"OQ139572","82","7248","7348","NC_001430","false","Picornaviridae Enterovirus D","92.04138","EV-D68","100.0","EV-D68","100.0","B3","100.0"
"OQ139573","87","7242","7347","NC_001430","false","Picornaviridae Enterovirus D","91.99337","EV-D68","100.0","EV-D68","100.0","B3","100.0"
"OQ160430","106","7159","7283","NC_001430","false","Picornaviridae Enterovirus D","92.093864","EV-D68","100.0","EV-D68","100.0","B3","100.0"
"OQ160433","98","7167","7283","NC_001430","false","Picornaviridae Enterovirus D","89.34209","EV-D68","100.0","EV-D68","100.0","B3","100.0"
"OQ259308","84","7202","7304","NC_001430","false","Picornaviridae Enterovirus D","92.10051","EV-D68","100.0","EV-D68","100.0","B3","100.0"
"OQ259312","89","7202","7309","NC_001430","false","Picornaviridae Enterovirus D","92.21557","EV-D68","100.0","EV-D68","100.0","B3","100.0"
"OQ259313","82","7207","7307","NC_001430","false","Picornaviridae Enterovirus D","92.20419","EV-D68","100.0","EV-D68","100.0","B3","100.0"
"OQ259315","82","7207","7307","NC_001430","false","Picornaviridae Enterovirus D","92.384514","EV-D68","100.0","EV-D68","100.0","B3","100.0"
"OQ259316","83","7203","7304","NC_001430","false","Picornaviridae Enterovirus D","92.21374","EV-D68","100.0","EV-D68","100.0","B3","100.0"
"OQ259317","82","7207","7307","NC_001430","false","Picornaviridae Enterovirus D","92.20419","EV-D68","100.0","EV-D68","100.0","B3","100.0"
"OQ259318","82","7214","7314","NC_001430","false","Picornaviridae Enterovirus D","91.973946","EV-D68","100.0","EV-D68","100.0","B3","100.0"
"OQ259319","82","7201","7304","NC_001430","false","Picornaviridae Enterovirus D","92.28421","EV-D68","100.0","EV-D68","100.0","B3","100.0"
"OQ259320","82","7206","7309","NC_001430","false","Picornaviridae Enterovirus D","92.23193","EV-D68","100.0","EV-D68","100.0","B3","100.0"
"OQ285848","98","7177","7293","NC_001430","false","Picornaviridae Enterovirus D","92.174644","EV-D68","100.0","EV-D68","100.0","B3","100.0"
"OQ285849","69","7226","7310","NC_001430","false","Picornaviridae Enterovirus D","91.258644","EV-D68","100.0","EV-D68","100.0","A2","100.0"
"OQ285850","82","7213","7313","NC_001430","false","Picornaviridae Enterovirus D","92.26504","EV-D68","100.0","EV-D68","100.0","B3","100.0"
"OQ451882","33","7310","7361","NC_001430","false","Picornaviridae Enterovirus D","92.03722","EV-D68","100.0","EV-D68","100.0","B3","100.0"
"OQ653554","51","7268","7338","NC_001430","false","Picornaviridae Enterovirus D","92.43906","EV-D68","100.0","EV-D68","100.0","B3","100.0"
"OQ737942","148","7174","7341","NC_001430","false","Picornaviridae Enterovirus D","92.51568","EV-D68","100.0","EV-D68","100.0","B3","100.0"
"OQ784116","37","7312","7367","NC_001430","false","Picornaviridae Enterovirus D","91.8479","EV-D68","100.0","EV-D68","100.0","B3","100.0"
"OQ791518","17","7341","7380","NC_001430","false","Picornaviridae Enterovirus D","93.50579","EV-D68","100.0","EV-D68","100.0","A1","100.0"
"OR230417","16","7348","7380","NC_001430","false","Picornaviridae Enterovirus D","91.537415","EV-D68","100.0","EV-D68","100.0","A2","100.0"
"OR230419","16","7348","7380","NC_001430","false","Picornaviridae Enterovirus D","91.40136","EV-D68","100.0","EV-D68","100.0","A2","100.0"
"OR230420","16","7348","7380","NC_001430","false","Picornaviridae Enterovirus D","91.374146","EV-D68","100.0","EV-D68","100.0","A2","100.0"
"OR230421","16","7348","7380","NC_001430","false","Picornaviridae Enterovirus D","91.374146","EV-D68","100.0","EV-D68","100.0","A2","100.0"
"OR230424","16","7308","7340","NC_001430","false","Picornaviridae Enterovirus D","91.25855","EV-D68","100.0","EV-D68","100.0","A2","100.0"
"OR230425","16","7287","7318","NC_001430","false","Picornaviridae Enterovirus D","91.2608","EV-D68","100.0","EV-D68","100.0","A2","100.0"
"OR230427","16","7348","7380","NC_001430","false","Picornaviridae Enterovirus D","91.319725","EV-D68","100.0","EV-D68","100.0","A2","100.0"
"OR230428","16","7348","7380","NC_001430","false","Picornaviridae Enterovirus D","91.2517","EV-D68","100.0","EV-D68","100.0","A2","100.0"
"OR230429","16","7307","7339","NC_001430","false","Picornaviridae Enterovirus D","91.21631","EV-D68","100.0","EV-D68","100.0","A2","100.0"
"OR235127","29","7331","7378","NC_001430","false","Picornaviridae Enterovirus D","91.84397","EV-D68","100.0","EV-D68","100.0","B3","100.0"
"OR235128","29","7331","7378","NC_001430","false","Picornaviridae Enterovirus D","91.77577","EV-D68","100.0","EV-D68","100.0","B3","100.0"
"OR235129","29","7331","7378","NC_001430","false","Picornaviridae Enterovirus D","91.85761","EV-D68","100.0","EV-D68","100.0","B3","100.0"
"OR235130","29","7331","7378","NC_001430","false","Picornaviridae Enterovirus D","91.84397","EV-D68","100.0","EV-D68","100.0","B3","100.0"
"OR235131","29","7331","7378","NC_001430","false","Picornaviridae Enterovirus D","91.816696","EV-D68","100.0","EV-D68","100.0","B3","100.0"
"OR571424","98","7167","7283","NC_001430","false","Picornaviridae Enterovirus D","91.75863","EV-D68","100.0","EV-D68","100.0","B3","100.0"
"OR656579","99","7155","7275","NC_001430","false","Picornaviridae Enterovirus D","90.490845","EV-D68","100.0","EV-D68","100.0","A2","100.0"
"OR833014","17","7248","7280","NC_001430","false","Picornaviridae Enterovirus D","90.319916","EV-D68","100.0","EV-D68","100.0","A2","100.0"
"OR833015","25","7328","7369","NC_001430","false","Picornaviridae Enterovirus D","91.3619","EV-D68","100.0","EV-D68","100.0","A2","100.0"
"OR833023","17","7266","7298","NC_001430","false","Picornaviridae Enterovirus D","91.33305","EV-D68","100.0","EV-D68","100.0","A2","100.0"
"OR833032","26","7327","7369","NC_001430","false","Picornaviridae Enterovirus D","91.06168","EV-D68","100.0","EV-D68","100.0","A2","100.0"
"OR833048","18","7201","7234","NC_001430","false","Picornaviridae Enterovirus D","89.004585","EV-D68","100.0","EV-D68","100.0","A2","100.0"
"OR833055","17","7346","7379","NC_001430","false","Picornaviridae Enterovirus D","91.34116","EV-D68","100.0","EV-D68","100.0","A2","100.0"
"OW122595","62","6898","6978","NC_001430","false","Picornaviridae Enterovirus D","92.14493","EV-D68","100.0","EV-D68","100.0","B3","100.0"
"PP025331","23","7340","7379","NC_001430","false","Picornaviridae Enterovirus D","90.42611","EV-D68","100.0","EV-D68","100.0","A2","100.0"
"PP025902","91","7141","7250","NC_001430","false","Picornaviridae Enterovirus D","96.68114","EV-D68","100.0","EV-D68","100.0","US62","100.0"
"PP157595","16","7348","7380","NC_001430","false","Picornaviridae Enterovirus D","91.374146","EV-D68","100.0","EV-D68","100.0","A2","100.0"
"PP474818","37","7286","7341","NC_001430","false","Picornaviridae Enterovirus D","91.912674","EV-D68","100.0","EV-D68","100.0","B3","100.0"
"PP474819","37","7286","7341","NC_001430","false","Picornaviridae Enterovirus D","91.912674","EV-D68","100.0","EV-D68","100.0","B3","100.0"
"PP474821","37","7311","7366","NC_001430","false","Picornaviridae Enterovirus D","91.98139","EV-D68","100.0","EV-D68","100.0","B3","100.0"
"PP474822","37","7308","7363","NC_001430","false","Picornaviridae Enterovirus D","91.924446","EV-D68","100.0","EV-D68","100.0","B3","100.0"
"PP474823","37","7306","7361","NC_001430","false","Picornaviridae Enterovirus D","91.881165","EV-D68","100.0","EV-D68","100.0","B3","100.0"
"PP474826","37","7313","7368","NC_001430","false","Picornaviridae Enterovirus D","91.94144","EV-D68","100.0","EV-D68","100.0","B3","100.0"
"PP474827","37","7308","7363","NC_001430","false","Picornaviridae Enterovirus D","91.924446","EV-D68","100.0","EV-D68","100.0","B3","100.0"
"PP474831","37","7319","7374","NC_001430","false","Picornaviridae Enterovirus D","92.00876","EV-D68","100.0","EV-D68","100.0","B3","100.0"
"PP474833","36","7310","7364","NC_001430","false","Picornaviridae Enterovirus D","91.931076","EV-D68","100.0","EV-D68","100.0","B3","100.0"
"PP474835","48","7285","7351","NC_001430","false","Picornaviridae Enterovirus D","91.95828","EV-D68","100.0","EV-D68","100.0","B3","100.0"
"PP474839","36","7324","7378","NC_001430","false","Picornaviridae Enterovirus D","91.96062","EV-D68","100.0","EV-D68","100.0","B3","100.0"
"PP474841","37","7307","7362","NC_001430","false","Picornaviridae Enterovirus D","91.96551","EV-D68","100.0","EV-D68","100.0","B3","100.0"
"PP474842","37","7307","7362","NC_001430","false","Picornaviridae Enterovirus D","91.93813","EV-D68","100.0","EV-D68","100.0","B3","100.0"
"PP474844","55","7282","7355","NC_001430","false","Picornaviridae Enterovirus D","90.62672","EV-D68","100.0","EV-D68","100.0","B3","100.0"
"PP474847","37","7312","7367","NC_001430","false","Picornaviridae Enterovirus D","91.9004","EV-D68","100.0","EV-D68","100.0","B3","100.0"
"PP474849","37","7312","7367","NC_001430","false","Picornaviridae Enterovirus D","91.91408","EV-D68","100.0","EV-D68","100.0","B3","100.0"
"PP474850","37","7310","7365","NC_001430","false","Picornaviridae Enterovirus D","91.85935","EV-D68","100.0","EV-D68","100.0","B3","100.0"
"PP474851","30","7330","7378","NC_001430","false","Picornaviridae Enterovirus D","91.86825","EV-D68","100.0","EV-D68","100.0","B3","100.0"
"PP474852","37","7309","7364","NC_001430","false","Picornaviridae Enterovirus D","91.92666","EV-D68","100.0","EV-D68","100.0","B3","100.0"
"PP474853","37","7309","7364","NC_001430","false","Picornaviridae Enterovirus D","91.830864","EV-D68","100.0","EV-D68","100.0","B3","100.0"
"PP474854","35","7325","7378","NC_001430","false","Picornaviridae Enterovirus D","91.871925","EV-D68","100.0","EV-D68","100.0","B3","100.0"
"PP474855","37","7309","7364","NC_001430","false","Picornaviridae Enterovirus D","91.830864","EV-D68","100.0","EV-D68","100.0","B3","100.0"
"PP474859","37","7299","7354","NC_001430","false","Picornaviridae Enterovirus D","91.84149","EV-D68","100.0","EV-D68","100.0","B3","100.0"
"PP474861","37","7307","7362","NC_001430","false","Picornaviridae Enterovirus D","91.81495","EV-D68","100.0","EV-D68","100.0","B3","100.0"
"PP474862","37","7323","7378","NC_001430","false","Picornaviridae Enterovirus D","91.89818","EV-D68","100.0","EV-D68","100.0","B3","100.0"
"PP474863","38","7304","7360","NC_001430","false","Picornaviridae Enterovirus D","91.85378","EV-D68","100.0","EV-D68","100.0","B3","100.0"
"PP474864","36","7324","7378","NC_001430","false","Picornaviridae Enterovirus D","91.89115","EV-D68","100.0","EV-D68","100.0","B3","100.0"
"PP474867","37","7312","7367","NC_001430","false","Picornaviridae Enterovirus D","91.9004","EV-D68","100.0","EV-D68","100.0","B3","100.0"
"PP474868","37","7312","7367","NC_001430","false","Picornaviridae Enterovirus D","91.92666","EV-D68","100.0","EV-D68","100.0","B3","100.0"
"PP474869","37","7319","7374","NC_001430","false","Picornaviridae Enterovirus D","92.01531","EV-D68","100.0","EV-D68","100.0","B3","100.0"
"PP474870","37","7307","7362","NC_001430","false","Picornaviridae Enterovirus D","92.020256","EV-D68","100.0","EV-D68","100.0","B3","100.0"
"PP474871","37","7305","7360","NC_001430","false","Picornaviridae Enterovirus D","91.86747","EV-D68","100.0","EV-D68","100.0","B3","100.0"
"PP474872","37","7315","7370","NC_001430","false","Picornaviridae Enterovirus D","91.831985","EV-D68","100.0","EV-D68","100.0","B3","100.0"
"PP474873","37","7316","7371","NC_001430","false","Picornaviridae Enterovirus D","91.91408","EV-D68","100.0","EV-D68","100.0","B3","100.0"
"PP474875","34","7326","7378","NC_001430","false","Picornaviridae Enterovirus D","91.88081","EV-D68","100.0","EV-D68","100.0","B3","100.0"
"PP474876","37","7308","7363","NC_001430","false","Picornaviridae Enterovirus D","91.89818","EV-D68","100.0","EV-D68","100.0","B3","100.0"
"PP474878","37","7314","7369","NC_001430","false","Picornaviridae Enterovirus D","91.9004","EV-D68","100.0","EV-D68","100.0","B3","100.0"
"PP474879","37","7318","7373","NC_001430","false","Picornaviridae Enterovirus D","91.87303","EV-D68","100.0","EV-D68","100.0","B3","100.0"
"PP474881","37","7300","7355","NC_001430","false","Picornaviridae Enterovirus D","91.89634","EV-D68","100.0","EV-D68","100.0","B3","100.0"
"PP474882","37","7294","7349","NC_001430","false","Picornaviridae Enterovirus D","91.895226","EV-D68","100.0","EV-D68","100.0","B3","100.0"
"PP474884","37","7307","7362","NC_001430","false","Picornaviridae Enterovirus D","91.883385","EV-D68","100.0","EV-D68","100.0","B3","100.0"
"PP474886","34","7326","7378","NC_001430","false","Picornaviridae Enterovirus D","91.81135","EV-D68","100.0","EV-D68","100.0","B3","100.0"
"PP474887","38","7322","7378","NC_001430","false","Picornaviridae Enterovirus D","91.89707","EV-D68","100.0","EV-D68","100.0","B3","100.0"
"PP474889","37","7305","7360","NC_001430","false","Picornaviridae Enterovirus D","91.977","EV-D68","100.0","EV-D68","100.0","B3","100.0"
"PP474891","37","7307","7362","NC_001430","false","Picornaviridae Enterovirus D","91.96551","EV-D68","100.0","EV-D68","100.0","B3","100.0"
"PP474892","37","7312","7367","NC_001430","false","Picornaviridae Enterovirus D","91.94144","EV-D68","100.0","EV-D68","100.0","B3","100.0"
"PP474893","37","7307","7362","NC_001430","false","Picornaviridae Enterovirus D","91.924446","EV-D68","100.0","EV-D68","100.0","B3","100.0"
"PP474894","37","7321","7376","NC_001430","false","Picornaviridae Enterovirus D","91.831985","EV-D68","100.0","EV-D68","100.0","B3","100.0"
"PP474895","40","7286","7344","NC_001430","false","Picornaviridae Enterovirus D","91.82105","EV-D68","100.0","EV-D68","100.0","B3","100.0"
"PP474897","37","7307","7362","NC_001430","false","Picornaviridae Enterovirus D","91.78757","EV-D68","100.0","EV-D68","100.0","B3","100.0"
"PP474899","37","7319","7374","NC_001430","false","Picornaviridae Enterovirus D","91.9004","EV-D68","100.0","EV-D68","100.0","B3","100.0"
"PP474900","43","7294","7355","NC_001430","false","Picornaviridae Enterovirus D","91.78439","EV-D68","100.0","EV-D68","100.0","B3","100.0"
"PP474901","32","7312","7362","NC_001430","false","Picornaviridae Enterovirus D","92.01422","EV-D68","100.0","EV-D68","100.0","B3","100.0"
"PP474902","37","7305","7360","NC_001430","false","Picornaviridae Enterovirus D","91.99069","EV-D68","100.0","EV-D68","100.0","B3","100.0"
"PP474903","37","7313","7368","NC_001430","false","Picornaviridae Enterovirus D","91.94144","EV-D68","100.0","EV-D68","100.0","B3","100.0"
"PP548243","29","7355","7402","NC_001430","false","Picornaviridae Enterovirus D","91.66894","EV-D68","100.0","EV-D68","100.0","B3","100.0"
"PP548244","42","7342","7402","NC_001430","false","Picornaviridae Enterovirus D","91.66781","EV-D68","100.0","EV-D68","100.0","B3","100.0"
"PP548245","18","7367","7404","NC_001430","false","Picornaviridae Enterovirus D","91.00925","EV-D68","100.0","EV-D68","100.0","A2","100.0"
"PP548247","29","7229","7276","NC_001430","false","Picornaviridae Enterovirus D","91.35427","EV-D68","100.0","EV-D68","100.0","B3","100.0"
"PP838726","37","7273","7328","NC_001430","false","Picornaviridae Enterovirus D","91.33544","EV-D68","100.0","EV-D68","100.0","B3","100.0"
"PP838727","37","7311","7366","NC_001430","false","Picornaviridae Enterovirus D","91.35313","EV-D68","100.0","EV-D68","100.0","B3","100.0"
"PP838728","32","7327","7377","NC_001430","false","Picornaviridae Enterovirus D","91.34825","EV-D68","100.0","EV-D68","100.0","B3","100.0"
"PP838729","37","7321","7376","NC_001430","false","Picornaviridae Enterovirus D","91.73384","EV-D68","100.0","EV-D68","100.0","B3","100.0"
"PP838730","33","7326","7377","NC_001430","false","Picornaviridae Enterovirus D","91.62003","EV-D68","100.0","EV-D68","100.0","B3","100.0"
"PP838731","37","7312","7367","NC_001430","false","Picornaviridae Enterovirus D","91.33945","EV-D68","100.0","EV-D68","100.0","B3","100.0"
"PP838732","30","7331","7379","NC_001430","false","Picornaviridae Enterovirus D","91.285965","EV-D68","100.0","EV-D68","100.0","B3","100.0"
"PP838736","57","7298","7373","NC_001430","false","Picornaviridae Enterovirus D","91.34247","EV-D68","100.0","EV-D68","100.0","B3","100.0"
"PP838738","37","7323","7378","NC_001430","false","Picornaviridae Enterovirus D","91.27288","EV-D68","100.0","EV-D68","100.0","B3","100.0"
"PP893080","39","7312","7369","NC_001430","false","Picornaviridae Enterovirus D","91.90482","EV-D68","100.0","EV-D68","100.0","B3","100.0"
"PP947791","29","7098","7145","NC_001430","false","Picornaviridae Enterovirus D","91.57746","EV-D68","100.0","EV-D68","100.0","B3","100.0"
"PP947793","19","7385","7423","NC_001430","false","Picornaviridae Enterovirus D","90.94124","EV-D68","100.0","EV-D68","100.0","A2","100.0"
"PP947795","31","7226","7275","NC_001430","false","Picornaviridae Enterovirus D","91.603264","EV-D68","100.0","EV-D68","100.0","B3","100.0"
"PP947796","30","7219","7267","NC_001430","false","Picornaviridae Enterovirus D","91.30435","EV-D68","100.0","EV-D68","100.0","B3","100.0"
"PP947798","100","7158","7276","NC_001430","false","Picornaviridae Enterovirus D","91.67832","EV-D68","100.0","EV-D68","100.0","B3","100.0"
"PP947799","18","7240","7276","NC_001430","false","Picornaviridae Enterovirus D","90.906586","EV-D68","100.0","EV-D68","100.0","A2","100.0"
"PQ238557","31","7328","7378","NC_001430","false","Picornaviridae Enterovirus D","92.58047","EV-D68","100.0","EV-D68","100.0","B3","100.0"
"PQ238558","29","7330","7378","NC_001430","false","Picornaviridae Enterovirus D","92.62138","EV-D68","100.0","EV-D68","100.0","B3","100.0"
"PQ238561","24","7335","7378","NC_001430","false","Picornaviridae Enterovirus D","91.90515","EV-D68","100.0","EV-D68","100.0","B3","100.0"
"PQ238562","28","7331","7378","NC_001430","false","Picornaviridae Enterovirus D","92.33706","EV-D68","100.0","EV-D68","100.0","B3","100.0"
"PQ238563","30","7330","7379","NC_001430","false","Picornaviridae Enterovirus D","92.52693","EV-D68","100.0","EV-D68","100.0","B3","100.0"
"PQ238564","29","7331","7379","NC_001430","false","Picornaviridae Enterovirus D","92.446144","EV-D68","100.0","EV-D68","100.0","B3","100.0"
"PQ238565","62","7299","7380","NC_001430","false","Picornaviridae Enterovirus D","92.52708","EV-D68","100.0","EV-D68","100.0","B3","100.0"
"PQ238567","30","7330","7379","NC_001430","false","Picornaviridae Enterovirus D","92.445114","EV-D68","100.0","EV-D68","100.0","B3","100.0"
"PQ238568","30","7331","7380","NC_001430","false","Picornaviridae Enterovirus D","92.50068","EV-D68","100.0","EV-D68","100.0","B3","100.0"
"PQ238570","30","7330","7379","NC_001430","false","Picornaviridae Enterovirus D","92.649666","EV-D68","100.0","EV-D68","100.0","B3","100.0"
"PQ238573","30","7331","7380","NC_001430","false","Picornaviridae Enterovirus D","92.405235","EV-D68","100.0","EV-D68","100.0","B3","100.0"
"PQ238574","73","7288","7380","NC_001430","false","Picornaviridae Enterovirus D","92.42902","EV-D68","100.0","EV-D68","100.0","B3","100.0"
"PQ238575","31","7328","7378","NC_001430","false","Picornaviridae Enterovirus D","92.57945","EV-D68","100.0","EV-D68","100.0","B3","100.0"
"PQ238576","30","7331","7380","NC_001430","false","Picornaviridae Enterovirus D","92.4325","EV-D68","100.0","EV-D68","100.0","B3","100.0"
"PQ238577","30","7330","7379","NC_001430","false","Picornaviridae Enterovirus D","92.4042","EV-D68","100.0","EV-D68","100.0","B3","100.0"
"PQ238578","30","7330","7379","NC_001430","false","Picornaviridae Enterovirus D","92.5133","EV-D68","100.0","EV-D68","100.0","B3","100.0"
"PQ238579","30","7331","7380","NC_001430","false","Picornaviridae Enterovirus D","92.609764","EV-D68","100.0","EV-D68","100.0","B3","100.0"
"PQ238582","30","7329","7377","NC_001430","false","Picornaviridae Enterovirus D","92.5133","EV-D68","100.0","EV-D68","100.0","B3","100.0"
"PQ238583","59","7300","7378","NC_001430","false","Picornaviridae Enterovirus D","92.45231","EV-D68","100.0","EV-D68","100.0","B3","100.0"
"PQ238585","71","7289","7379","NC_001430","false","Picornaviridae Enterovirus D","92.16843","EV-D68","100.0","EV-D68","100.0","B3","100.0"
"PQ238587","67","7294","7380","NC_001430","false","Picornaviridae Enterovirus D","92.462654","EV-D68","100.0","EV-D68","100.0","B3","100.0"
"PQ238589","30","7329","7378","NC_001430","false","Picornaviridae Enterovirus D","92.4168","EV-D68","100.0","EV-D68","100.0","B3","100.0"
"PQ238592","65","7295","7379","NC_001430","false","Picornaviridae Enterovirus D","92.38148","EV-D68","100.0","EV-D68","100.0","B3","100.0"
"PQ238594","30","7330","7379","NC_001430","false","Picornaviridae Enterovirus D","92.568855","EV-D68","100.0","EV-D68","100.0","B3","100.0"
"PQ238596","66","7295","7380","NC_001430","false","Picornaviridae Enterovirus D","92.20228","EV-D68","100.0","EV-D68","100.0","B3","100.0"
"PQ238597","32","7329","7380","NC_001430","false","Picornaviridae Enterovirus D","92.48602","EV-D68","100.0","EV-D68","100.0","B3","100.0"
"PQ238599","79","7282","7380","NC_001430","false","Picornaviridae Enterovirus D","92.436516","EV-D68","100.0","EV-D68","100.0","B3","100.0"
"PQ238600","30","7331","7380","NC_001430","false","Picornaviridae Enterovirus D","92.4325","EV-D68","100.0","EV-D68","100.0","B3","100.0"
"PQ238601","30","7331","7380","NC_001430","false","Picornaviridae Enterovirus D","92.54159","EV-D68","100.0","EV-D68","100.0","B3","100.0"
"PQ238602","30","7330","7379","NC_001430","false","Picornaviridae Enterovirus D","92.45875","EV-D68","100.0","EV-D68","100.0","B3","100.0"
"PQ238603","74","7284","7377","NC_001430","false","Picornaviridae Enterovirus D","92.12296","EV-D68","100.0","EV-D68","100.0","B3","100.0"
"PQ238604","30","7330","7379","NC_001430","false","Picornaviridae Enterovirus D","92.5133","EV-D68","100.0","EV-D68","100.0","B3","100.0"
"PQ238606","30","7330","7379","NC_001430","false","Picornaviridae Enterovirus D","92.445114","EV-D68","100.0","EV-D68","100.0","B3","100.0"
"PQ238607","30","7329","7378","NC_001430","false","Picornaviridae Enterovirus D","92.53956","EV-D68","100.0","EV-D68","100.0","B3","100.0"
"PQ238608","30","7331","7379","NC_001430","false","Picornaviridae Enterovirus D","92.41888","EV-D68","100.0","EV-D68","100.0","B3","100.0"
"PQ238609","30","7329","7378","NC_001430","false","Picornaviridae Enterovirus D","92.55319","EV-D68","100.0","EV-D68","100.0","B3","100.0"
"PQ238610","30","7330","7379","NC_001430","false","Picornaviridae Enterovirus D","92.47239","EV-D68","100.0","EV-D68","100.0","B3","100.0"
"PQ238613","27","7334","7380","NC_001430","false","Picornaviridae Enterovirus D","92.51738","EV-D68","100.0","EV-D68","100.0","B3","100.0"
"PQ238614","30","7330","7379","NC_001430","false","Picornaviridae Enterovirus D","92.48602","EV-D68","100.0","EV-D68","100.0","B3","100.0"
"PQ238615","74","7285","7378","NC_001430","false","Picornaviridae Enterovirus D","92.50823","EV-D68","100.0","EV-D68","100.0","B3","100.0"
"PQ238616","30","7329","7378","NC_001430","false","Picornaviridae Enterovirus D","92.55319","EV-D68","100.0","EV-D68","100.0","B3","100.0"
"PQ238617","31","7326","7376","NC_001430","false","Picornaviridae Enterovirus D","92.345474","EV-D68","100.0","EV-D68","100.0","B3","100.0"
"PQ238618","192","7169","7380","NC_001430","false","Picornaviridae Enterovirus D","92.51046","EV-D68","100.0","EV-D68","100.0","B3","100.0"
"PQ238620","193","7166","7378","NC_001430","false","Picornaviridae Enterovirus D","91.69806","EV-D68","100.0","EV-D68","100.0","B3","100.0"
"PQ238621","193","7166","7378","NC_001430","false","Picornaviridae Enterovirus D","92.73057","EV-D68","100.0","EV-D68","100.0","B3","100.0"
"PQ238622","192","7166","7377","NC_001430","false","Picornaviridae Enterovirus D","92.67476","EV-D68","100.0","EV-D68","100.0","B3","100.0"
"PQ238624","192","7166","7377","NC_001430","false","Picornaviridae Enterovirus D","92.479416","EV-D68","100.0","EV-D68","100.0","B3","100.0"
"PQ238626","192","7167","7378","NC_001430","false","Picornaviridae Enterovirus D","92.50837","EV-D68","100.0","EV-D68","100.0","B3","100.0"
"PQ238627","192","7168","7379","NC_001430","false","Picornaviridae Enterovirus D","91.78407","EV-D68","100.0","EV-D68","100.0","B3","100.0"
"PQ238628","192","7168","7379","NC_001430","false","Picornaviridae Enterovirus D","92.31413","EV-D68","100.0","EV-D68","100.0","B3","100.0"
"PQ238631","192","7167","7378","NC_001430","false","Picornaviridae Enterovirus D","92.49442","EV-D68","100.0","EV-D68","100.0","B3","100.0"
"PQ238634","73","7288","7379","NC_001430","false","Picornaviridae Enterovirus D","91.92155","EV-D68","100.0","EV-D68","100.0","B3","100.0"
"PQ238637","35","7326","7380","NC_001430","false","Picornaviridae Enterovirus D","91.7769","EV-D68","100.0","EV-D68","100.0","B3","100.0"
"PQ238638","34","7327","7380","NC_001430","false","Picornaviridae Enterovirus D","91.790535","EV-D68","100.0","EV-D68","100.0","B3","100.0"
"PQ238639","32","7329","7380","NC_001430","false","Picornaviridae Enterovirus D","91.73599","EV-D68","100.0","EV-D68","100.0","B3","100.0"
"PQ238640","36","7325","7379","NC_001430","false","Picornaviridae Enterovirus D","91.92044","EV-D68","100.0","EV-D68","100.0","B3","100.0"
"PQ238641","35","7326","7379","NC_001430","false","Picornaviridae Enterovirus D","91.749626","EV-D68","100.0","EV-D68","100.0","B3","100.0"
"PQ238642","74","7287","7380","NC_001430","false","Picornaviridae Enterovirus D","92.01646","EV-D68","100.0","EV-D68","100.0","B3","100.0"
"PQ238643","36","7325","7379","NC_001430","false","Picornaviridae Enterovirus D","91.87929","EV-D68","100.0","EV-D68","100.0","B3","100.0"
"PQ238644","33","7328","7379","NC_001430","false","Picornaviridae Enterovirus D","91.81781","EV-D68","100.0","EV-D68","100.0","B3","100.0"
"PQ238645","75","7286","7380","NC_001430","false","Picornaviridae Enterovirus D","91.69982","EV-D68","100.0","EV-D68","100.0","B3","100.0"
"PQ238647","33","7328","7379","NC_001430","false","Picornaviridae Enterovirus D","91.695076","EV-D68","100.0","EV-D68","100.0","B3","100.0"
"PQ238649","32","7329","7380","NC_001430","false","Picornaviridae Enterovirus D","91.80417","EV-D68","100.0","EV-D68","100.0","B3","100.0"
"PQ238650","69","7292","7379","NC_001430","false","Picornaviridae Enterovirus D","91.48732","EV-D68","100.0","EV-D68","100.0","B3","100.0"
"PQ238651","32","7329","7380","NC_001430","false","Picornaviridae Enterovirus D","91.98145","EV-D68","100.0","EV-D68","100.0","B3","100.0"
"PQ238652","32","7329","7379","NC_001430","false","Picornaviridae Enterovirus D","91.749626","EV-D68","100.0","EV-D68","100.0","B3","100.0"
"PQ238653","49","7311","7379","NC_001430","false","Picornaviridae Enterovirus D","91.814705","EV-D68","100.0","EV-D68","100.0","B3","100.0"
"PQ238655","73","7288","7379","NC_001430","false","Picornaviridae Enterovirus D","91.866684","EV-D68","100.0","EV-D68","100.0","B3","100.0"
"PQ238656","31","7328","7377","NC_001430","false","Picornaviridae Enterovirus D","91.651886","EV-D68","100.0","EV-D68","100.0","B3","100.0"
"PQ238658","36","7325","7379","NC_001430","false","Picornaviridae Enterovirus D","91.86557","EV-D68","100.0","EV-D68","100.0","B3","100.0"
"PQ238659","35","7324","7377","NC_001430","false","Picornaviridae Enterovirus D","91.70645","EV-D68","100.0","EV-D68","100.0","B3","100.0"
"PQ238660","33","7328","7380","NC_001430","false","Picornaviridae Enterovirus D","91.695076","EV-D68","100.0","EV-D68","100.0","B3","100.0"
"PQ238663","75","7286","7380","NC_001430","false","Picornaviridae Enterovirus D","91.89189","EV-D68","100.0","EV-D68","100.0","B3","100.0"
"PQ238664","36","7322","7376","NC_001430","false","Picornaviridae Enterovirus D","91.87594","EV-D68","100.0","EV-D68","100.0","B3","100.0"
"PQ238667","73","7287","7378","NC_001430","false","Picornaviridae Enterovirus D","91.98903","EV-D68","100.0","EV-D68","100.0","B3","100.0"
"PQ238669","73","7288","7379","NC_001430","false","Picornaviridae Enterovirus D","91.84261","EV-D68","100.0","EV-D68","100.0","B3","100.0"
"PQ238670","37","7324","7379","NC_001430","false","Picornaviridae Enterovirus D","91.81781","EV-D68","100.0","EV-D68","100.0","B3","100.0"
"PQ238672","36","7324","7378","NC_001430","false","Picornaviridae Enterovirus D","91.85073","EV-D68","100.0","EV-D68","100.0","B3","100.0"
"PQ238673","39","7322","7379","NC_001430","false","Picornaviridae Enterovirus D","91.79698","EV-D68","100.0","EV-D68","100.0","B3","100.0"
"PQ238674","65","7296","7379","NC_001430","false","Picornaviridae Enterovirus D","92.0126","EV-D68","100.0","EV-D68","100.0","B3","100.0"
"PQ238675","35","7326","7379","NC_001430","false","Picornaviridae Enterovirus D","91.749626","EV-D68","100.0","EV-D68","100.0","B3","100.0"
"PQ238677","73","7286","7378","NC_001430","false","Picornaviridae Enterovirus D","91.89189","EV-D68","100.0","EV-D68","100.0","B3","100.0"
"PQ238679","36","7325","7379","NC_001430","false","Picornaviridae Enterovirus D","91.749626","EV-D68","100.0","EV-D68","100.0","B3","100.0"
"PQ238680","74","7287","7379","NC_001430","false","Picornaviridae Enterovirus D","91.838135","EV-D68","100.0","EV-D68","100.0","B3","100.0"
"PQ238681","36","7323","7378","NC_001430","false","Picornaviridae Enterovirus D","91.781006","EV-D68","100.0","EV-D68","100.0","B3","100.0"
"PQ238682","35","7326","7379","NC_001430","false","Picornaviridae Enterovirus D","91.93416","EV-D68","100.0","EV-D68","100.0","B3","100.0"
"PQ238683","70","7289","7378","NC_001430","false","Picornaviridae Enterovirus D","91.895226","EV-D68","100.0","EV-D68","100.0","B3","100.0"
"PQ238684","36","7325","7380","NC_001430","false","Picornaviridae Enterovirus D","91.85185","EV-D68","100.0","EV-D68","100.0","B3","100.0"
"PQ238685","36","7325","7380","NC_001430","false","Picornaviridae Enterovirus D","91.73599","EV-D68","100.0","EV-D68","100.0","B3","100.0"
"PQ238687","36","7325","7380","NC_001430","false","Picornaviridae Enterovirus D","91.70096","EV-D68","100.0","EV-D68","100.0","B3","100.0"
"PQ238688","73","7287","7378","NC_001430","false","Picornaviridae Enterovirus D","91.67352","EV-D68","100.0","EV-D68","100.0","B3","100.0"
"PQ238689","51","7310","7379","NC_001430","false","Picornaviridae Enterovirus D","91.839806","EV-D68","100.0","EV-D68","100.0","B3","100.0"
"PQ238691","91","7268","7377","NC_001430","false","Picornaviridae Enterovirus D","91.87923","EV-D68","100.0","EV-D68","100.0","B3","100.0"
"PQ238693","72","7288","7378","NC_001430","false","Picornaviridae Enterovirus D","91.8678","EV-D68","100.0","EV-D68","100.0","B3","100.0"
"PQ238694","72","7288","7378","NC_001430","false","Picornaviridae Enterovirus D","91.79923","EV-D68","100.0","EV-D68","100.0","B3","100.0"
"PQ238696","75","7285","7378","NC_001430","false","Picornaviridae Enterovirus D","91.919334","EV-D68","100.0","EV-D68","100.0","B3","100.0"
"PQ238697","75","7285","7378","NC_001430","false","Picornaviridae Enterovirus D","91.974205","EV-D68","100.0","EV-D68","100.0","B3","100.0"
"PQ238698","75","7285","7378","NC_001430","false","Picornaviridae Enterovirus D","91.94677","EV-D68","100.0","EV-D68","100.0","B3","100.0"
"PQ238699","74","7286","7378","NC_001430","false","Picornaviridae Enterovirus D","91.71468","EV-D68","100.0","EV-D68","100.0","B3","100.0"
"PQ238700","33","7327","7378","NC_001430","false","Picornaviridae Enterovirus D","91.6678","EV-D68","100.0","EV-D68","100.0","B3","100.0"
"PQ238704","35","7325","7378","NC_001430","false","Picornaviridae Enterovirus D","91.72235","EV-D68","100.0","EV-D68","100.0","B3","100.0"
"PQ238706","75","7285","7378","NC_001430","false","Picornaviridae Enterovirus D","91.864456","EV-D68","100.0","EV-D68","100.0","B3","100.0"
"PQ238707","72","7288","7378","NC_001430","false","Picornaviridae Enterovirus D","91.90894","EV-D68","100.0","EV-D68","100.0","B3","100.0"
"PQ238708","73","7286","7377","NC_001430","false","Picornaviridae Enterovirus D","91.93416","EV-D68","100.0","EV-D68","100.0","B3","100.0"
"PQ238710","76","7284","7378","NC_001430","false","Picornaviridae Enterovirus D","91.7124","EV-D68","100.0","EV-D68","100.0","B3","100.0"
"PQ238711","76","7284","7378","NC_001430","false","Picornaviridae Enterovirus D","91.739845","EV-D68","100.0","EV-D68","100.0","B3","100.0"
"PQ238713","37","7327","7380","NC_001430","false","Picornaviridae Enterovirus D","91.22639","EV-D68","100.0","EV-D68","100.0","A2","100.0"
"PQ238716","22","7342","7380","NC_001430","false","Picornaviridae Enterovirus D","91.13046","EV-D68","100.0","EV-D68","100.0","A2","100.0"
"PQ238717","21","7341","7378","NC_001430","false","Picornaviridae Enterovirus D","91.005585","EV-D68","100.0","EV-D68","100.0","A2","100.0"
"PQ238718","52","7311","7379","NC_001430","false","Picornaviridae Enterovirus D","91.37507","EV-D68","100.0","EV-D68","100.0","A2","100.0"
"PQ238719","17","7346","7379","NC_001430","false","Picornaviridae Enterovirus D","91.78343","EV-D68","100.0","EV-D68","100.0","A2","100.0"
"PQ238720","180","7183","7378","NC_001430","false","Picornaviridae Enterovirus D","91.45561","EV-D68","100.0","EV-D68","100.0","A2","100.0"
"PQ238721","19","7343","7377","NC_001430","false","Picornaviridae Enterovirus D","91.481834","EV-D68","100.0","EV-D68","100.0","A2","100.0"
"PQ238723","75","7283","7376","NC_001430","false","Picornaviridae Enterovirus D","91.46307","EV-D68","100.0","EV-D68","100.0","B3","100.0"
"PQ238724","75","7283","7376","NC_001430","false","Picornaviridae Enterovirus D","91.49053","EV-D68","100.0","EV-D68","100.0","B3","100.0"
"PQ238725","75","7283","7376","NC_001430","false","Picornaviridae Enterovirus D","91.51798","EV-D68","100.0","EV-D68","100.0","B3","100.0"
"PQ287507","41","7313","7372","NC_001430","false","Picornaviridae Enterovirus D","91.89448","EV-D68","100.0","EV-D68","100.0","B3","100.0"
"PQ414986","726","6519","7263","NC_001430","false","Picornaviridae Enterovirus D","91.685844","EV-D68","100.0","EV-D68","100.0","B3","100.0"
"PQ414990","726","6518","7262","NC_001430","false","Picornaviridae Enterovirus D","91.66923","EV-D68","100.0","EV-D68","100.0","B3","100.0"
"PQ414993","726","6518","7262","NC_001430","false","Picornaviridae Enterovirus D","91.69991","EV-D68","100.0","EV-D68","100.0","B3","100.0"
"PQ414994","726","6518","7262","NC_001430","false","Picornaviridae Enterovirus D","91.546486","EV-D68","100.0","EV-D68","100.0","B3","100.0"
"PQ414995","726","6519","7263","NC_001430","false","Picornaviridae Enterovirus D","91.639824","EV-D68","100.0","EV-D68","100.0","B3","100.0"
"PQ414996","726","6518","7262","NC_001430","false","Picornaviridae Enterovirus D","91.6232","EV-D68","100.0","EV-D68","100.0","B3","100.0"
"PQ414997","726","6518","7262","NC_001430","false","Picornaviridae Enterovirus D","91.6232","EV-D68","100.0","EV-D68","100.0","B3","100.0"
"PQ414998","726","6519","7263","NC_001430","false","Picornaviridae Enterovirus D","91.639824","EV-D68","100.0","EV-D68","100.0","B3","100.0"
"PQ415000","726","6518","7262","NC_001430","false","Picornaviridae Enterovirus D","91.69991","EV-D68","100.0","EV-D68","100.0","B3","100.0"
"PQ415001","726","6518","7262","NC_001430","false","Picornaviridae Enterovirus D","91.73059","EV-D68","100.0","EV-D68","100.0","B3","100.0"
"PQ415002","726","6519","7263","NC_001430","false","Picornaviridae Enterovirus D","91.7472","EV-D68","100.0","EV-D68","100.0","B3","100.0"
"PQ415003","726","6518","7262","NC_001430","false","Picornaviridae Enterovirus D","91.68457","EV-D68","100.0","EV-D68","100.0","B3","100.0"
"PQ415004","726","6519","7263","NC_001430","false","Picornaviridae Enterovirus D","91.7472","EV-D68","100.0","EV-D68","100.0","B3","100.0"
"PQ415007","726","6518","7262","NC_001430","false","Picornaviridae Enterovirus D","91.60786","EV-D68","100.0","EV-D68","100.0","B3","100.0"
"PQ415008","726","6518","7262","NC_001430","false","Picornaviridae Enterovirus D","91.60786","EV-D68","100.0","EV-D68","100.0","B3","100.0"
"PQ415010","726","6518","7262","NC_001430","false","Picornaviridae Enterovirus D","91.60786","EV-D68","100.0","EV-D68","100.0","B3","100.0"
"PQ415012","726","6518","7262","NC_001430","false","Picornaviridae Enterovirus D","91.77662","EV-D68","100.0","EV-D68","100.0","B3","100.0"
"PQ415014","726","6522","7263","NC_001430","false","Picornaviridae Enterovirus D","91.75479","EV-D68","100.0","EV-D68","100.0","A2","100.0"
"PQ415015","726","6522","7263","NC_001430","false","Picornaviridae Enterovirus D","91.38697","EV-D68","100.0","EV-D68","100.0","A2","100.0"
"PQ415016","726","6524","7262","NC_001430","false","Picornaviridae Enterovirus D","91.56959","EV-D68","100.0","EV-D68","100.0","A2","100.0"
"PQ415017","726","6524","7262","NC_001430","false","Picornaviridae Enterovirus D","91.66155","EV-D68","100.0","EV-D68","100.0","Could not assign",""
"PQ415018","726","6515","7262","NC_001430","false","Picornaviridae Enterovirus D","92.390305","EV-D68","100.0","EV-D68","100.0","B3","100.0"
"PQ415020","726","6518","7262","NC_001430","false","Picornaviridae Enterovirus D","92.55907","EV-D68","100.0","EV-D68","100.0","B3","100.0"
"PQ415024","726","6518","7262","NC_001430","false","Picornaviridae Enterovirus D","92.65112","EV-D68","100.0","EV-D68","100.0","B3","100.0"
"PQ415026","726","6518","7262","NC_001430","false","Picornaviridae Enterovirus D","91.653885","EV-D68","100.0","EV-D68","100.0","B3","100.0"
"PQ415027","726","6518","7262","NC_001430","false","Picornaviridae Enterovirus D","91.66923","EV-D68","100.0","EV-D68","100.0","B3","100.0"
"PQ415028","726","6519","7263","NC_001430","false","Picornaviridae Enterovirus D","91.65516","EV-D68","100.0","EV-D68","100.0","B3","100.0"
"PQ415029","726","6518","7262","NC_001430","false","Picornaviridae Enterovirus D","91.6232","EV-D68","100.0","EV-D68","100.0","B3","100.0"
"PQ415030","726","6518","7262","NC_001430","false","Picornaviridae Enterovirus D","91.6232","EV-D68","100.0","EV-D68","100.0","B3","100.0"
"PQ415032","726","6518","7262","NC_001430","false","Picornaviridae Enterovirus D","91.592514","EV-D68","100.0","EV-D68","100.0","B3","100.0"
"PQ415033","726","6519","7263","NC_001430","false","Picornaviridae Enterovirus D","91.854576","EV-D68","100.0","EV-D68","100.0","B3","100.0"
"PQ415036","726","6518","7262","NC_001430","false","Picornaviridae Enterovirus D","91.60786","EV-D68","100.0","EV-D68","100.0","B3","100.0"
"PQ415037","726","6518","7262","NC_001430","false","Picornaviridae Enterovirus D","91.546486","EV-D68","100.0","EV-D68","100.0","B3","100.0"
"PQ415038","726","6518","7262","NC_001430","false","Picornaviridae Enterovirus D","91.68457","EV-D68","100.0","EV-D68","100.0","B3","100.0"
"PQ415039","726","6518","7262","NC_001430","false","Picornaviridae Enterovirus D","91.77662","EV-D68","100.0","EV-D68","100.0","B3","100.0"
"PQ415040","726","6518","7262","NC_001430","false","Picornaviridae Enterovirus D","91.807304","EV-D68","100.0","EV-D68","100.0","B3","100.0"
"PQ415041","726","6518","7262","NC_001430","false","Picornaviridae Enterovirus D","91.74593","EV-D68","100.0","EV-D68","100.0","B3","100.0"
"PQ415042","726","6518","7262","NC_001430","false","Picornaviridae Enterovirus D","91.653885","EV-D68","100.0","EV-D68","100.0","B3","100.0"
"PQ415043","726","6518","7262","NC_001430","false","Picornaviridae Enterovirus D","91.77662","EV-D68","100.0","EV-D68","100.0","B3","100.0"
"PQ415044","726","6518","7262","NC_001430","false","Picornaviridae Enterovirus D","91.77662","EV-D68","100.0","EV-D68","100.0","B3","100.0"
"PQ415047","726","6519","7263","NC_001430","false","Picornaviridae Enterovirus D","91.65516","EV-D68","100.0","EV-D68","100.0","B3","100.0"
"PQ426627","726","6518","7262","NC_001430","false","Picornaviridae Enterovirus D","91.16293","EV-D68","100.0","EV-D68","100.0","B3","100.0"
"PQ426628","726","6518","7262","NC_001430","false","Picornaviridae Enterovirus D","91.10156","EV-D68","100.0","EV-D68","100.0","B3","100.0"
"PQ426629","726","6525","7263","NC_001430","false","Picornaviridae Enterovirus D","90.65134","EV-D68","100.0","EV-D68","100.0","A2","100.0"
"PQ426632","726","6525","7263","NC_001430","false","Picornaviridae Enterovirus D","90.62069","EV-D68","100.0","EV-D68","100.0","A2","100.0"
"PQ426634","726","6525","7263","NC_001430","false","Picornaviridae Enterovirus D","90.55939","EV-D68","100.0","EV-D68","100.0","A2","99.0"
"PQ426636","726","6525","7263","NC_001430","false","Picornaviridae Enterovirus D","90.590034","EV-D68","100.0","EV-D68","100.0","A2","100.0"
"PQ426637","726","6525","7263","NC_001430","false","Picornaviridae Enterovirus D","90.55939","EV-D68","100.0","EV-D68","100.0","A2","100.0"
"PQ426638","726","6525","7263","NC_001430","false","Picornaviridae Enterovirus D","89.94636","EV-D68","100.0","EV-D68","100.0","A2","100.0"
"PQ426639","726","6525","7263","NC_001430","false","Picornaviridae Enterovirus D","90.66667","EV-D68","100.0","EV-D68","100.0","A2","98.0"
"PQ426643","726","6523","7264","NC_001430","false","Picornaviridae Enterovirus D","90.56084","EV-D68","100.0","EV-D68","100.0","A2","100.0"
"PQ426644","726","6523","7264","NC_001430","false","Picornaviridae Enterovirus D","90.63745","EV-D68","100.0","EV-D68","100.0","A2","100.0"
"PQ426645","726","6527","7268","NC_001430","false","Picornaviridae Enterovirus D","90.520676","EV-D68","100.0","EV-D68","100.0","A2","100.0"
"PQ426646","726","6527","7268","NC_001430","false","Picornaviridae Enterovirus D","90.47473","EV-D68","100.0","EV-D68","100.0","A2","100.0"
"PQ426647","726","6528","7269","NC_001430","false","Picornaviridae Enterovirus D","90.53744","EV-D68","100.0","EV-D68","100.0","A2","100.0"
"PQ426648","726","6527","7268","NC_001430","false","Picornaviridae Enterovirus D","90.47473","EV-D68","100.0","EV-D68","100.0","A2","100.0"
"PQ426649","726","6524","7265","NC_001430","false","Picornaviridae Enterovirus D","90.638885","EV-D68","100.0","EV-D68","100.0","A2","100.0"
"PQ426652","726","6523","7264","NC_001430","false","Picornaviridae Enterovirus D","90.606804","EV-D68","100.0","EV-D68","100.0","A2","100.0"
"PQ426654","726","6502","7243","NC_001430","false","Picornaviridae Enterovirus D","90.60722","EV-D68","100.0","EV-D68","100.0","A2","100.0"
"PQ541359","40","7310","7368","NC_001430","false","Picornaviridae Enterovirus D","92.09373","EV-D68","100.0","EV-D68","100.0","B3","100.0"
"PQ541360","-4","7364","7378","NC_001430","false","Picornaviridae Enterovirus D","91.99509","EV-D68","100.0","EV-D68","100.0","B3","100.0"
"PQ541361","71","7241","7330","NC_001430","false","Picornaviridae Enterovirus D","92.08782","EV-D68","100.0","EV-D68","100.0","B3","100.0"
"PQ541362","38","7290","7346","NC_001430","false","Picornaviridae Enterovirus D","92.09008","EV-D68","100.0","EV-D68","100.0","B3","100.0"
"PQ596446","82","7252","7352","NC_001430","false","Picornaviridae Enterovirus D","91.726425","EV-D68","100.0","EV-D68","100.0","B3","100.0"
"PQ596447","69","7267","7352","NC_001430","false","Picornaviridae Enterovirus D","90.72902","EV-D68","100.0","EV-D68","100.0","A2","100.0"
"PQ596449","82","7252","7352","NC_001430","false","Picornaviridae Enterovirus D","91.74021","EV-D68","100.0","EV-D68","100.0","B3","100.0"
"PQ596451","76","7256","7348","NC_001430","false","Picornaviridae Enterovirus D","91.10743","EV-D68","100.0","EV-D68","100.0","A2","100.0"
"PQ596453","82","7251","7351","NC_001430","false","Picornaviridae Enterovirus D","91.616104","EV-D68","100.0","EV-D68","100.0","B3","100.0"
"PQ596454","69","7268","7353","NC_001430","false","Picornaviridae Enterovirus D","90.93784","EV-D68","100.0","EV-D68","100.0","A2","100.0"
"PQ596455","70","7262","7348","NC_001430","false","Picornaviridae Enterovirus D","90.97165","EV-D68","100.0","EV-D68","100.0","A2","100.0"
"PQ596456","128","7202","7348","NC_001430","false","Picornaviridae Enterovirus D","92.12719","EV-D68","100.0","EV-D68","100.0","B3","100.0"
"PQ596458","109","7221","7348","NC_001430","false","Picornaviridae Enterovirus D","91.786705","EV-D68","100.0","EV-D68","100.0","B3","100.0"
"PQ596459","84","7246","7348","NC_001430","false","Picornaviridae Enterovirus D","91.77705","EV-D68","100.0","EV-D68","100.0","B3","100.0"
"PQ596460","83","7247","7348","NC_001430","false","Picornaviridae Enterovirus D","91.72299","EV-D68","100.0","EV-D68","100.0","B3","100.0"
"PQ596461","83","7246","7347","NC_001430","false","Picornaviridae Enterovirus D","91.637924","EV-D68","100.0","EV-D68","100.0","B3","100.0"
"PQ596462","83","7247","7348","NC_001430","false","Picornaviridae Enterovirus D","91.66552","EV-D68","100.0","EV-D68","100.0","B3","100.0"
"PQ596463","70","7268","7354","NC_001430","false","Picornaviridae Enterovirus D","90.979095","EV-D68","100.0","EV-D68","100.0","A2","100.0"
"PQ596465","78","7252","7348","NC_001430","false","Picornaviridae Enterovirus D","91.726425","EV-D68","100.0","EV-D68","100.0","B3","100.0"
"PQ596488","83","7251","7352","NC_001430","false","Picornaviridae Enterovirus D","91.67011","EV-D68","100.0","EV-D68","100.0","B3","100.0"
"PQ596492","82","7251","7351","NC_001430","false","Picornaviridae Enterovirus D","91.643684","EV-D68","100.0","EV-D68","100.0","B3","100.0"
"PQ596502","83","7247","7348","NC_001430","false","Picornaviridae Enterovirus D","91.62412","EV-D68","100.0","EV-D68","100.0","B3","100.0"
"PQ612496","30","7340","7388","NC_001430","false","Picornaviridae Enterovirus D","91.12232","EV-D68","100.0","EV-D68","100.0","B3","100.0"
"PQ612497","30","7340","7388","NC_001430","false","Picornaviridae Enterovirus D","91.13596","EV-D68","100.0","EV-D68","100.0","B3","100.0"
"PQ612501","16","7348","7380","NC_001430","false","Picornaviridae Enterovirus D","90.84602","EV-D68","100.0","EV-D68","100.0","A2","100.0"
"PQ612502","16","7348","7380","NC_001430","false","Picornaviridae Enterovirus D","90.61352","EV-D68","100.0","EV-D68","100.0","A2","100.0"
"PQ612503","16","7354","7380","NC_001430","false","Picornaviridae Enterovirus D","90.649635","EV-D68","100.0","EV-D68","100.0","A2","100.0"
"PQ612505","16","7348","7380","NC_001430","false","Picornaviridae Enterovirus D","90.76441","EV-D68","100.0","EV-D68","100.0","A2","100.0"
"PQ612509","30","7331","7379","NC_001430","false","Picornaviridae Enterovirus D","91.845085","EV-D68","100.0","EV-D68","100.0","B3","100.0"
"PQ612510","94","7267","7379","NC_001430","false","Picornaviridae Enterovirus D","91.89525","EV-D68","100.0","EV-D68","100.0","B3","100.0"
"PQ612511","30","7331","7379","NC_001430","false","Picornaviridae Enterovirus D","91.83144","EV-D68","100.0","EV-D68","100.0","B3","100.0"
"PQ612514","30","7331","7379","NC_001430","false","Picornaviridae Enterovirus D","91.92691","EV-D68","100.0","EV-D68","100.0","B3","100.0"
"PQ612516","30","7331","7379","NC_001430","false","Picornaviridae Enterovirus D","91.94054","EV-D68","100.0","EV-D68","100.0","B3","100.0"
"PQ612518","95","7263","7380","NC_001430","false","Picornaviridae Enterovirus D","91.67471","EV-D68","100.0","EV-D68","100.0","B3","100.0"
"PQ612519","30","7331","7379","NC_001430","false","Picornaviridae Enterovirus D","91.76327","EV-D68","100.0","EV-D68","100.0","B3","100.0"
"PQ612520","30","7331","7379","NC_001430","false","Picornaviridae Enterovirus D","91.885994","EV-D68","100.0","EV-D68","100.0","B3","100.0"
"PQ612521","30","7331","7379","NC_001430","false","Picornaviridae Enterovirus D","91.790535","EV-D68","100.0","EV-D68","100.0","B3","100.0"
"PQ612525","30","7331","7379","NC_001430","false","Picornaviridae Enterovirus D","91.7769","EV-D68","100.0","EV-D68","100.0","B3","100.0"
"PQ612527","30","7331","7379","NC_001430","false","Picornaviridae Enterovirus D","91.81781","EV-D68","100.0","EV-D68","100.0","B3","100.0"
"PQ612528","30","7331","7379","NC_001430","false","Picornaviridae Enterovirus D","91.80417","EV-D68","100.0","EV-D68","100.0","B3","100.0"
"PQ612530","30","7331","7379","NC_001430","false","Picornaviridae Enterovirus D","91.80417","EV-D68","100.0","EV-D68","100.0","B3","100.0"
"PQ612531","30","7331","7379","NC_001430","false","Picornaviridae Enterovirus D","92.04964","EV-D68","100.0","EV-D68","100.0","B3","100.0"
"PQ612532","30","7331","7379","NC_001430","false","Picornaviridae Enterovirus D","91.885994","EV-D68","100.0","EV-D68","100.0","B3","100.0"
"PQ612533","30","7331","7379","NC_001430","false","Picornaviridae Enterovirus D","91.92691","EV-D68","100.0","EV-D68","100.0","B3","100.0"
"PQ612536","30","7331","7379","NC_001430","false","Picornaviridae Enterovirus D","91.85872","EV-D68","100.0","EV-D68","100.0","B3","100.0"
"PQ612537","30","7331","7379","NC_001430","false","Picornaviridae Enterovirus D","91.85872","EV-D68","100.0","EV-D68","100.0","B3","100.0"
"PQ612538","43","7315","7380","NC_001430","false","Picornaviridae Enterovirus D","91.76117","EV-D68","100.0","EV-D68","100.0","B3","100.0"
"PQ612543","43","7315","7380","NC_001430","false","Picornaviridae Enterovirus D","91.802155","EV-D68","100.0","EV-D68","100.0","B3","100.0"
"PQ612544","43","7315","7380","NC_001430","false","Picornaviridae Enterovirus D","91.76117","EV-D68","100.0","EV-D68","100.0","B3","100.0"
"PQ612546","44","7327","7389","NC_001430","false","Picornaviridae Enterovirus D","92.14374","EV-D68","100.0","EV-D68","100.0","B3","100.0"
"PQ612547","44","7327","7389","NC_001430","false","Picornaviridae Enterovirus D","92.07542","EV-D68","100.0","EV-D68","100.0","B3","100.0"
"PQ612550","30","7330","7378","NC_001430","false","Picornaviridae Enterovirus D","91.19171","EV-D68","100.0","EV-D68","100.0","B3","100.0"
"PQ612551","29","7241","7288","NC_001430","false","Picornaviridae Enterovirus D","91.1915","EV-D68","100.0","EV-D68","100.0","B3","100.0"
"PQ612552","30","7330","7378","NC_001430","false","Picornaviridae Enterovirus D","91.13717","EV-D68","100.0","EV-D68","100.0","B3","100.0"
"PQ612554","29","7331","7378","NC_001430","false","Picornaviridae Enterovirus D","91.21898","EV-D68","100.0","EV-D68","100.0","B3","100.0"
"PQ612555","29","7331","7378","NC_001430","false","Picornaviridae Enterovirus D","91.328064","EV-D68","100.0","EV-D68","100.0","B3","100.0"
"PQ612556","29","7331","7378","NC_001430","false","Picornaviridae Enterovirus D","91.287155","EV-D68","100.0","EV-D68","100.0","B3","100.0"
"PQ612557","29","7331","7378","NC_001430","false","Picornaviridae Enterovirus D","91.1508","EV-D68","100.0","EV-D68","100.0","B3","100.0"
"PQ612558","16","7348","7380","NC_001430","false","Picornaviridae Enterovirus D","90.778015","EV-D68","100.0","EV-D68","100.0","A2","100.0"
"PQ612559","29","7331","7378","NC_001430","false","Picornaviridae Enterovirus D","91.23261","EV-D68","100.0","EV-D68","100.0","B3","100.0"
"PQ612561","16","7348","7380","NC_001430","false","Picornaviridae Enterovirus D","90.79162","EV-D68","100.0","EV-D68","100.0","A2","100.0"
"PQ612564","29","7331","7378","NC_001430","false","Picornaviridae Enterovirus D","91.123535","EV-D68","100.0","EV-D68","100.0","B3","100.0"
"PQ612565","29","7331","7378","NC_001430","false","Picornaviridae Enterovirus D","91.47805","EV-D68","100.0","EV-D68","100.0","B3","100.0"
"PQ612567","29","7331","7378","NC_001430","false","Picornaviridae Enterovirus D","91.21898","EV-D68","100.0","EV-D68","100.0","B3","100.0"
"PQ612569","16","7256","7287","NC_001430","false","Picornaviridae Enterovirus D","90.70248","EV-D68","100.0","EV-D68","100.0","A2","100.0"
"PQ612570","29","7331","7378","NC_001430","false","Picornaviridae Enterovirus D","91.13717","EV-D68","100.0","EV-D68","100.0","B3","100.0"
"PQ612572","16","7348","7380","NC_001430","false","Picornaviridae Enterovirus D","90.73721","EV-D68","100.0","EV-D68","100.0","A2","100.0"
"PQ612573","16","7348","7380","NC_001430","false","Picornaviridae Enterovirus D","90.75082","EV-D68","100.0","EV-D68","100.0","A2","100.0"
"PQ612574","29","7331","7378","NC_001430","false","Picornaviridae Enterovirus D","91.19171","EV-D68","100.0","EV-D68","100.0","B3","100.0"
"PQ612575","16","7348","7380","NC_001430","false","Picornaviridae Enterovirus D","90.778015","EV-D68","100.0","EV-D68","100.0","A2","100.0"
"PQ766585","26","7334","7378","NC_001430","false","Picornaviridae Enterovirus D","92.145096","EV-D68","100.0","EV-D68","100.0","B3","100.0"
"PQ766595","16","7348","7380","NC_001430","false","Picornaviridae Enterovirus D","91.30612","EV-D68","100.0","EV-D68","100.0","A2","100.0"
"PQ807712","26","7436","7480","NC_001430","false","Picornaviridae Enterovirus D","92.4073","EV-D68","100.0","EV-D68","100.0","B3","100.0"
"PQ819575","15","7335","7365","NC_001430","false","Picornaviridae Enterovirus D","83.0654","EV-D68","100.0","EV-D68","100.0","B3","100.0"
"PQ819576","12","7351","7375","NC_001430","false","Picornaviridae Enterovirus D","91.12016","EV-D68","100.0","EV-D68","100.0","B3","100.0"
"PQ862938","75","7283","7376","NC_001430","false","Picornaviridae Enterovirus D","91.20231","EV-D68","100.0","EV-D68","100.0","B3","100.0"
"PQ862940","75","7283","7376","NC_001430","false","Picornaviridae Enterovirus D","91.22975","EV-D68","100.0","EV-D68","100.0","B3","100.0"
"PQ862941","75","7283","7376","NC_001430","false","Picornaviridae Enterovirus D","91.421906","EV-D68","100.0","EV-D68","100.0","B3","100.0"
"PQ862942","75","7283","7376","NC_001430","false","Picornaviridae Enterovirus D","91.27093","EV-D68","100.0","EV-D68","100.0","B3","100.0"
"PQ862944","75","7283","7376","NC_001430","false","Picornaviridae Enterovirus D","91.22975","EV-D68","100.0","EV-D68","100.0","B3","100.0"
"PQ862950","75","7283","7376","NC_001430","false","Picornaviridae Enterovirus D","91.243484","EV-D68","100.0","EV-D68","100.0","B3","100.0"
"PQ862951","75","7283","7376","NC_001430","false","Picornaviridae Enterovirus D","91.40818","EV-D68","100.0","EV-D68","100.0","B3","100.0"
"PQ862952","75","7283","7376","NC_001430","false","Picornaviridae Enterovirus D","91.216034","EV-D68","100.0","EV-D68","100.0","B3","100.0"
"PQ862953","75","7283","7376","NC_001430","false","Picornaviridae Enterovirus D","91.3121","EV-D68","100.0","EV-D68","100.0","B3","100.0"
"PQ862955","75","7283","7376","NC_001430","false","Picornaviridae Enterovirus D","91.29838","EV-D68","100.0","EV-D68","100.0","B3","100.0"
"PQ862958","75","7283","7376","NC_001430","false","Picornaviridae Enterovirus D","91.20231","EV-D68","100.0","EV-D68","100.0","B3","100.0"
"PQ862959","75","7283","7376","NC_001430","false","Picornaviridae Enterovirus D","91.27093","EV-D68","100.0","EV-D68","100.0","B3","100.0"
"PQ862960","75","7283","7376","NC_001430","false","Picornaviridae Enterovirus D","91.53171","EV-D68","100.0","EV-D68","100.0","B3","100.0"
"PQ862961","75","7283","7376","NC_001430","false","Picornaviridae Enterovirus D","91.367004","EV-D68","100.0","EV-D68","100.0","B3","100.0"
"PQ862962","75","7283","7376","NC_001430","false","Picornaviridae Enterovirus D","91.27093","EV-D68","100.0","EV-D68","100.0","B3","100.0"
"PQ862963","75","7283","7376","NC_001430","false","Picornaviridae Enterovirus D","91.449356","EV-D68","100.0","EV-D68","100.0","B3","100.0"
"PQ862964","75","7283","7376","NC_001430","false","Picornaviridae Enterovirus D","91.55915","EV-D68","100.0","EV-D68","100.0","B3","100.0"
"PQ889420","93","7250","7362","NC_001430","false","Picornaviridae Enterovirus D","92.48307","EV-D68","100.0","EV-D68","100.0","B3","100.0"
"PQ889421","63","7287","7369","NC_001430","false","Picornaviridae Enterovirus D","92.54939","EV-D68","100.0","EV-D68","100.0","B3","100.0"
"PV178309","45","7318","7379","NC_001430","false","Picornaviridae Enterovirus D","90.7539","EV-D68","100.0","EV-D68","100.0","A2","100.0"
"PV178361","29","7335","7380","NC_001430","false","Picornaviridae Enterovirus D","90.82981","EV-D68","100.0","EV-D68","100.0","A2","100.0"
"PV178525","45","7279","7340","NC_001430","false","Picornaviridae Enterovirus D","90.71811","EV-D68","100.0","EV-D68","100.0","A2","100.0"
"PV418226","69","7183","7267","NC_001430","false","Picornaviridae Enterovirus D","90.705444","EV-D68","100.0","EV-D68","100.0","A2","100.0"
"PV448635","29","7328","7375","NC_001430","false","Picornaviridae Enterovirus D","91.67917","EV-D68","100.0","EV-D68","100.0","B3","100.0"
"PV448636","30","7305","7353","NC_001430","false","Picornaviridae Enterovirus D","91.73056","EV-D68","100.0","EV-D68","100.0","B3","100.0"
"PV448638","30","7327","7375","NC_001430","false","Picornaviridae Enterovirus D","91.66439","EV-D68","100.0","EV-D68","100.0","B3","100.0"
"PV448639","30","7327","7375","NC_001430","false","Picornaviridae Enterovirus D","91.69168","EV-D68","100.0","EV-D68","100.0","B3","100.0"
"PV448642","29","7328","7375","NC_001430","false","Picornaviridae Enterovirus D","91.81558","EV-D68","100.0","EV-D68","100.0","B3","100.0"
"PV448643","30","7327","7375","NC_001430","false","Picornaviridae Enterovirus D","91.70532","EV-D68","100.0","EV-D68","100.0","B3","100.0"
"PV448644","37","7293","7348","NC_001430","false","Picornaviridae Enterovirus D","91.641464","EV-D68","100.0","EV-D68","100.0","B3","100.0"
"PV448646","32","7317","7367","NC_001430","false","Picornaviridae Enterovirus D","91.70425","EV-D68","100.0","EV-D68","100.0","B3","100.0"
"PV448649","31","7326","7375","NC_001430","false","Picornaviridae Enterovirus D","91.64961","EV-D68","100.0","EV-D68","100.0","B3","100.0"
"PV448650","29","7328","7375","NC_001430","false","Picornaviridae Enterovirus D","91.67917","EV-D68","100.0","EV-D68","100.0","B3","100.0"
"PV521983","29","7328","7375","NC_001430","false","Picornaviridae Enterovirus D","91.65075","EV-D68","100.0","EV-D68","100.0","B3","100.0"
"PV624833","62","7298","7376","NC_001430","false","Picornaviridae Enterovirus D","90.59162","EV-D68","100.0","EV-D68","100.0","A2","100.0"
"PV624834","62","7297","7375","NC_001430","false","Picornaviridae Enterovirus D","90.68621","EV-D68","100.0","EV-D68","100.0","A2","100.0"
"PV624835","62","7299","7377","NC_001430","false","Picornaviridae Enterovirus D","90.68876","EV-D68","100.0","EV-D68","100.0","A2","100.0"
"PV624836","62","7298","7376","NC_001430","false","Picornaviridae Enterovirus D","90.6464","EV-D68","100.0","EV-D68","100.0","A2","100.0"
"PV624837","62","7297","7375","NC_001430","false","Picornaviridae Enterovirus D","90.590324","EV-D68","100.0","EV-D68","100.0","A2","100.0"
"PV624838","62","7298","7376","NC_001430","false","Picornaviridae Enterovirus D","90.67379","EV-D68","100.0","EV-D68","100.0","A2","100.0"
"PV624839","62","7298","7376","NC_001430","false","Picornaviridae Enterovirus D","90.6327","EV-D68","100.0","EV-D68","100.0","A2","100.0"
"PV624841","62","7298","7376","NC_001430","false","Picornaviridae Enterovirus D","90.50945","EV-D68","100.0","EV-D68","100.0","A2","100.0"
"PV624842","62","7298","7376","NC_001430","false","Picornaviridae Enterovirus D","90.6464","EV-D68","100.0","EV-D68","100.0","A2","100.0"
"PV624843","75","7281","7374","NC_001430","false","Picornaviridae Enterovirus D","91.26853","EV-D68","100.0","EV-D68","100.0","B3","100.0"
"PV624845","75","7280","7373","NC_001430","false","Picornaviridae Enterovirus D","91.28107","EV-D68","100.0","EV-D68","100.0","B3","100.0"
"PV624846","75","7282","7375","NC_001430","false","Picornaviridae Enterovirus D","91.58545","EV-D68","100.0","EV-D68","100.0","B3","100.0"
"PV624847","75","7281","7374","NC_001430","false","Picornaviridae Enterovirus D","91.22735","EV-D68","100.0","EV-D68","100.0","B3","100.0"
"PV648956","30","7327","7375","NC_001430","false","Picornaviridae Enterovirus D","91.84174","EV-D68","100.0","EV-D68","100.0","B3","100.0"
"PV648958","38","7327","7383","NC_001430","false","Picornaviridae Enterovirus D","91.42896","EV-D68","100.0","EV-D68","100.0","B3","100.0"
"PV648959","30","7327","7375","NC_001430","false","Picornaviridae Enterovirus D","91.65075","EV-D68","100.0","EV-D68","100.0","B3","100.0"
"PV648961","30","7326","7374","NC_001430","false","Picornaviridae Enterovirus D","91.757645","EV-D68","100.0","EV-D68","100.0","B3","100.0"
"PV648962","29","7328","7375","NC_001430","false","Picornaviridae Enterovirus D","91.69281","EV-D68","100.0","EV-D68","100.0","B3","100.0"
"PV648963","30","7327","7375","NC_001430","false","Picornaviridae Enterovirus D","91.75989","EV-D68","100.0","EV-D68","100.0","B3","100.0"
"PV648964","30","7327","7375","NC_001430","false","Picornaviridae Enterovirus D","91.74625","EV-D68","100.0","EV-D68","100.0","B3","100.0"
"PV648965","30","7285","7333","NC_001430","false","Picornaviridae Enterovirus D","91.62893","EV-D68","100.0","EV-D68","100.0","B3","100.0"
"PV648967","29","7277","7324","NC_001430","false","Picornaviridae Enterovirus D","91.784584","EV-D68","100.0","EV-D68","100.0","B3","100.0"
"PV648968","30","7301","7349","NC_001430","false","Picornaviridae Enterovirus D","91.85266","EV-D68","100.0","EV-D68","100.0","B3","100.0"
"PV648971","48","7288","7354","NC_001430","false","Picornaviridae Enterovirus D","91.806206","EV-D68","100.0","EV-D68","100.0","B3","100.0"
"PV648972","30","7327","7375","NC_001430","false","Picornaviridae Enterovirus D","91.78718","EV-D68","100.0","EV-D68","100.0","B3","100.0"
"PV648973","29","7328","7375","NC_001430","false","Picornaviridae Enterovirus D","91.8565","EV-D68","100.0","EV-D68","100.0","B3","100.0"
"PV660512","29","7328","7375","NC_001430","false","Picornaviridae Enterovirus D","91.733734","EV-D68","100.0","EV-D68","100.0","B3","100.0"
"PV660513","29","7328","7375","NC_001430","false","Picornaviridae Enterovirus D","91.392715","EV-D68","100.0","EV-D68","100.0","B3","100.0"
"PV660514","30","7327","7375","NC_001430","false","Picornaviridae Enterovirus D","91.65075","EV-D68","100.0","EV-D68","100.0","B3","100.0"
"PV660515","30","7327","7375","NC_001430","false","Picornaviridae Enterovirus D","91.70532","EV-D68","100.0","EV-D68","100.0","B3","100.0"
"PV660516","37","7312","7367","NC_001430","false","Picornaviridae Enterovirus D","91.77614","EV-D68","100.0","EV-D68","100.0","B3","100.0"
"PV660517","30","7327","7375","NC_001430","false","Picornaviridae Enterovirus D","91.732605","EV-D68","100.0","EV-D68","100.0","B3","100.0"
"PV660520","30","7327","7375","NC_001430","false","Picornaviridae Enterovirus D","91.77354","EV-D68","100.0","EV-D68","100.0","B3","100.0"
"PV660522","30","7327","7375","NC_001430","false","Picornaviridae Enterovirus D","91.732605","EV-D68","100.0","EV-D68","100.0","B3","100.0"
"PV660523","34","7323","7375","NC_001430","false","Picornaviridae Enterovirus D","91.63254","EV-D68","100.0","EV-D68","100.0","B3","100.0"
"PX048941","31","7318","7367","NC_001430","false","Picornaviridae Enterovirus D","91.61088","EV-D68","100.0","EV-D68","100.0","B3","100.0"
"PX048942","29","7328","7375","NC_001430","false","Picornaviridae Enterovirus D","91.66553","EV-D68","100.0","EV-D68","100.0","B3","100.0"
"PX397553","16","7391","7423","NC_001430","false","Picornaviridae Enterovirus D","90.76441","EV-D68","100.0","EV-D68","100.0","A2","100.0"
"PX970889","726","6594","7332","NC_001430","false","Picornaviridae Enterovirus D","90.643005","EV-D68","100.0","EV-D68","100.0","A2","100.0"
"PX970890","726","6591","7332","NC_001430","false","Picornaviridae Enterovirus D","90.643005","EV-D68","100.0","EV-D68","100.0","A2","100.0"
"PX970891","726","6591","7332","NC_001430","false","Picornaviridae Enterovirus D","90.718834","EV-D68","100.0","EV-D68","100.0","A2","100.0"
"PX970893","726","6591","7332","NC_001430","false","Picornaviridae Enterovirus D","90.74917","EV-D68","100.0","EV-D68","100.0","A2","100.0"
"PX970894","726","6588","7332","NC_001430","false","Picornaviridae Enterovirus D","90.83182","EV-D68","100.0","EV-D68","100.0","B3","100.0"
"PZ210516","62","7298","7376","NC_001430","false","Picornaviridae Enterovirus D","90.660095","EV-D68","100.0","EV-D68","100.0","A2","100.0"
"PZ210518","62","7298","7376","NC_001430","false","Picornaviridae Enterovirus D","90.6464","EV-D68","100.0","EV-D68","100.0","A2","100.0"
"PZ210519","62","7298","7376","NC_001430","false","Picornaviridae Enterovirus D","90.74226","EV-D68","100.0","EV-D68","100.0","A2","100.0"
"PZ210520","62","7298","7376","NC_001430","false","Picornaviridae Enterovirus D","90.75596","EV-D68","100.0","EV-D68","100.0","A2","100.0"
"PZ210521","62","7298","7376","NC_001430","false","Picornaviridae Enterovirus D","90.70118","EV-D68","100.0","EV-D68","100.0","A2","100.0"
"PZ210522","62","7298","7376","NC_001430","false","Picornaviridae Enterovirus D","90.70118","EV-D68","100.0","EV-D68","100.0","A2","100.0"
"PZ210523","62","7298","7376","NC_001430","false","Picornaviridae Enterovirus D","90.70118","EV-D68","100.0","EV-D68","100.0","A2","100.0"
"PZ210524","62","7298","7376","NC_001430","false","Picornaviridae Enterovirus D","90.70118","EV-D68","100.0","EV-D68","100.0","A2","100.0"
"PZ210528","62","7298","7376","NC_001430","false","Picornaviridae Enterovirus D","90.67379","EV-D68","100.0","EV-D68","100.0","A2","100.0"
"PZ210530","62","7298","7376","NC_001430","false","Picornaviridae Enterovirus D","90.687485","EV-D68","100.0","EV-D68","100.0","A2","100.0"
"PZ210532","62","7298","7376","NC_001430","false","Picornaviridae Enterovirus D","90.61901","EV-D68","100.0","EV-D68","100.0","A2","100.0"
"PZ210533","62","7298","7376","NC_001430","false","Picornaviridae Enterovirus D","90.57793","EV-D68","100.0","EV-D68","100.0","A2","100.0"
"PZ210538","62","7298","7376","NC_001430","false","Picornaviridae Enterovirus D","90.79704","EV-D68","100.0","EV-D68","100.0","A2","100.0"
"PZ210539","62","7298","7376","NC_001430","false","Picornaviridae Enterovirus D","90.75596","EV-D68","100.0","EV-D68","100.0","A2","100.0"
"PZ210541","62","7298","7376","NC_001430","false","Picornaviridae Enterovirus D","90.660095","EV-D68","100.0","EV-D68","100.0","A2","100.0"
"PZ210542","62","7298","7376","NC_001430","false","Picornaviridae Enterovirus D","90.687485","EV-D68","100.0","EV-D68","100.0","A2","100.0"
"PZ210543","62","7298","7376","NC_001430","false","Picornaviridae Enterovirus D","90.6464","EV-D68","100.0","EV-D68","100.0","A2","100.0"
"PZ210545","62","7298","7376","NC_001430","false","Picornaviridae Enterovirus D","90.74226","EV-D68","100.0","EV-D68","100.0","A2","100.0"
"PZ210547","62","7298","7376","NC_001430","false","Picornaviridae Enterovirus D","90.70118","EV-D68","100.0","EV-D68","100.0","A2","100.0"
"PZ210549","62","7298","7376","NC_001430","false","Picornaviridae Enterovirus D","90.6464","EV-D68","100.0","EV-D68","100.0","A2","100.0"
"PZ210551","62","7298","7376","NC_001430","false","Picornaviridae Enterovirus D","90.6464","EV-D68","100.0","EV-D68","100.0","A2","100.0"
"PZ210552","62","7298","7376","NC_001430","false","Picornaviridae Enterovirus D","90.687485","EV-D68","100.0","EV-D68","100.0","A2","100.0"
"PZ210553","62","7298","7376","NC_001430","false","Picornaviridae Enterovirus D","90.67379","EV-D68","100.0","EV-D68","100.0","A2","100.0"
"PZ210554","62","7298","7376","NC_001430","false","Picornaviridae Enterovirus D","90.78335","EV-D68","100.0","EV-D68","100.0","A2","100.0"
"PZ210555","62","7298","7376","NC_001430","false","Picornaviridae Enterovirus D","90.75596","EV-D68","100.0","EV-D68","100.0","A2","100.0"
"PZ210557","62","7298","7376","NC_001430","false","Picornaviridae Enterovirus D","90.714874","EV-D68","100.0","EV-D68","100.0","A2","100.0"
"PZ210559","62","7298","7376","NC_001430","false","Picornaviridae Enterovirus D","90.59162","EV-D68","100.0","EV-D68","100.0","A2","100.0"
"PZ210560","62","7298","7376","NC_001430","false","Picornaviridae Enterovirus D","90.72857","EV-D68","100.0","EV-D68","100.0","A2","100.0"
"PZ210561","62","7298","7376","NC_001430","false","Picornaviridae Enterovirus D","90.70118","EV-D68","100.0","EV-D68","100.0","A2","100.0"
"PZ210562","62","7298","7376","NC_001430","false","Picornaviridae Enterovirus D","90.74226","EV-D68","100.0","EV-D68","100.0","A2","100.0"
"PZ210565","62","7298","7376","NC_001430","false","Picornaviridae Enterovirus D","90.67379","EV-D68","100.0","EV-D68","100.0","A2","100.0"
"PZ210566","62","7298","7376","NC_001430","false","Picornaviridae Enterovirus D","90.61901","EV-D68","100.0","EV-D68","100.0","A2","100.0"
"PZ210567","62","7298","7376","NC_001430","false","Picornaviridae Enterovirus D","90.714874","EV-D68","100.0","EV-D68","100.0","A2","100.0"
"PZ210568","62","7298","7376","NC_001430","false","Picornaviridae Enterovirus D","90.714874","EV-D68","100.0","EV-D68","100.0","A2","100.0"
"PZ210570","62","7298","7376","NC_001430","false","Picornaviridae Enterovirus D","90.74226","EV-D68","100.0","EV-D68","100.0","A2","100.0"
"PZ210571","62","7298","7376","NC_001430","false","Picornaviridae Enterovirus D","90.78335","EV-D68","100.0","EV-D68","100.0","A2","100.0"
"PZ210573","62","7298","7376","NC_001430","false","Picornaviridae Enterovirus D","90.6464","EV-D68","100.0","EV-D68","100.0","A2","100.0"
"PZ210574","62","7298","7376","NC_001430","false","Picornaviridae Enterovirus D","90.6464","EV-D68","100.0","EV-D68","100.0","A2","100.0"
"PZ210577","62","7298","7376","NC_001430","false","Picornaviridae Enterovirus D","90.687485","EV-D68","100.0","EV-D68","100.0","A2","100.0"
"PZ210582","62","7298","7376","NC_001430","false","Picornaviridae Enterovirus D","90.714874","EV-D68","100.0","EV-D68","100.0","A2","100.0"
"PZ210583","62","7298","7376","NC_001430","false","Picornaviridae Enterovirus D","90.78335","EV-D68","100.0","EV-D68","100.0","A2","100.0"
"PZ210584","62","7298","7376","NC_001430","false","Picornaviridae Enterovirus D","90.53684","EV-D68","100.0","EV-D68","100.0","A2","100.0"
"PZ210585","62","7298","7376","NC_001430","false","Picornaviridae Enterovirus D","90.52314","EV-D68","100.0","EV-D68","100.0","A2","100.0"
"PZ210587","62","7298","7376","NC_001430","false","Picornaviridae Enterovirus D","90.61901","EV-D68","100.0","EV-D68","100.0","A2","100.0"
"PZ210588","62","7298","7376","NC_001430","false","Picornaviridae Enterovirus D","90.57793","EV-D68","100.0","EV-D68","100.0","A2","100.0"
"PZ210589","62","7298","7376","NC_001430","false","Picornaviridae Enterovirus D","90.605316","EV-D68","100.0","EV-D68","100.0","A2","100.0"
"PZ210590","62","7298","7376","NC_001430","false","Picornaviridae Enterovirus D","90.55054","EV-D68","100.0","EV-D68","100.0","A2","100.0"
"PZ210591","62","7298","7376","NC_001430","false","Picornaviridae Enterovirus D","90.57793","EV-D68","100.0","EV-D68","100.0","A2","100.0"
"PZ210592","62","7298","7376","NC_001430","false","Picornaviridae Enterovirus D","90.50945","EV-D68","100.0","EV-D68","100.0","A2","100.0"
"PZ210594","62","7298","7376","NC_001430","false","Picornaviridae Enterovirus D","90.564224","EV-D68","100.0","EV-D68","100.0","A2","100.0"
"PZ210595","62","7298","7376","NC_001430","false","Picornaviridae Enterovirus D","90.61901","EV-D68","100.0","EV-D68","100.0","A2","100.0"
"PZ210596","62","7298","7376","NC_001430","false","Picornaviridae Enterovirus D","90.53684","EV-D68","100.0","EV-D68","100.0","A2","100.0"
"PZ210597","62","7298","7376","NC_001430","false","Picornaviridae Enterovirus D","90.61901","EV-D68","100.0","EV-D68","100.0","A2","100.0"
"PZ210599","62","7298","7376","NC_001430","false","Picornaviridae Enterovirus D","90.947685","EV-D68","100.0","EV-D68","100.0","A2","100.0"
"PZ210600","62","7298","7375","NC_001430","false","Picornaviridae Enterovirus D","90.990005","EV-D68","100.0","EV-D68","100.0","A2","100.0"
"PZ210601","62","7298","7375","NC_001430","false","Picornaviridae Enterovirus D","90.75722","EV-D68","100.0","EV-D68","100.0","A2","100.0"
"PZ210602","62","7298","7375","NC_001430","false","Picornaviridae Enterovirus D","90.86677","EV-D68","100.0","EV-D68","100.0","A2","100.0"
"PZ210603","62","7297","7375","NC_001430","false","Picornaviridae Enterovirus D","90.89291","EV-D68","100.0","EV-D68","100.0","A2","100.0"
"PZ210604","62","7298","7375","NC_001430","false","Picornaviridae Enterovirus D","90.85307","EV-D68","100.0","EV-D68","100.0","A2","100.0"
"AB601882","29","7332","7380","NC_001430","false","Picornaviridae Enterovirus D","94.20507","EV-D68","100.0","EV-D68","100.0","C","100.0"
"AB601883","30","7331","7380","NC_001430","false","Picornaviridae Enterovirus D","94.314156","EV-D68","100.0","EV-D68","100.0","C","100.0"
"AY426531","-6","7367","7380","NC_001430","false","Picornaviridae Enterovirus D","100.0","EV-D68","100.0","EV-D68","100.0","US62","100.0"
"JX070222","37","7320","7379","NC_001430","false","Picornaviridae Enterovirus D","93.42447","EV-D68","100.0","EV-D68","100.0","A1","100.0"
"JX101846","17","7341","7380","NC_001430","false","Picornaviridae Enterovirus D","93.805305","EV-D68","100.0","EV-D68","100.0","A1","100.0"
"KM851226","147","7215","7381","NC_001430","false","Picornaviridae Enterovirus D","92.98805","EV-D68","100.0","EV-D68","100.0","B1","100.0"
"KM851227","51","7311","7381","NC_001430","false","Picornaviridae Enterovirus D","93.00699","EV-D68","100.0","EV-D68","100.0","B1","100.0"
"KM851228","70","7292","7381","NC_001430","false","Picornaviridae Enterovirus D","93.13187","EV-D68","100.0","EV-D68","100.0","B1","100.0"
"KM851229","477","6885","7381","NC_001430","false","Picornaviridae Enterovirus D","93.12855","EV-D68","100.0","EV-D68","100.0","B2","100.0"
"KM851230","478","6882","7379","NC_001430","false","Picornaviridae Enterovirus D","92.83739","EV-D68","100.0","EV-D68","100.0","B2","100.0"
"KM851231","16","7348","7380","NC_001430","false","Picornaviridae Enterovirus D","92.408165","EV-D68","100.0","EV-D68","100.0","A2","100.0"
"KM892499","155","6994","7167","NC_001430","false","Picornaviridae Enterovirus D","85.82666","EV-D68","100.0","EV-D68","100.0","B1","98.0"
"KM892501","17","7343","7379","NC_001430","false","Picornaviridae Enterovirus D","94.0207","EV-D68","100.0","EV-D68","100.0","Could not assign",""
"KP100793","28","7265","7311","NC_001430","false","Picornaviridae Enterovirus D","92.96724","EV-D68","100.0","EV-D68","100.0","B1","100.0"
"KP100794","28","7315","7362","NC_001430","false","Picornaviridae Enterovirus D","93.206665","EV-D68","100.0","EV-D68","100.0","B1","100.0"
"KP100795","73","7287","7379","NC_001430","false","Picornaviridae Enterovirus D","92.98655","EV-D68","100.0","EV-D68","100.0","B1","100.0"
"KP100796","40","7149","7207","NC_001430","false","Picornaviridae Enterovirus D","92.95105","EV-D68","100.0","EV-D68","100.0","B1","100.0"
"KP114662","214","6933","7165","NC_001430","false","Picornaviridae Enterovirus D","93.00245","EV-D68","100.0","EV-D68","100.0","B1","100.0"
"KP114663","258","6839","7115","NC_001430","false","Picornaviridae Enterovirus D","93.083786","EV-D68","100.0","EV-D68","100.0","B1","100.0"
"KP114664","244","6902","7164","NC_001430","false","Picornaviridae Enterovirus D","93.14691","EV-D68","100.0","EV-D68","100.0","B3","100.0"
"KP114665","245","6906","7169","NC_001430","false","Picornaviridae Enterovirus D","92.91612","EV-D68","100.0","EV-D68","100.0","B2","100.0"
"KP126911","28","7265","7311","NC_001430","false","Picornaviridae Enterovirus D","92.96724","EV-D68","100.0","EV-D68","100.0","B1","100.0"
"KP455253","726","6564","7311","NC_001430","false","Picornaviridae Enterovirus D","93.48257","EV-D68","100.0","EV-D68","100.0","A1","100.0"
"KP455255","726","6564","7311","NC_001430","false","Picornaviridae Enterovirus D","93.34552","EV-D68","100.0","EV-D68","100.0","A1","100.0"
"KP455256","726","6564","7311","NC_001430","false","Picornaviridae Enterovirus D","93.223694","EV-D68","100.0","EV-D68","100.0","A1","100.0"
"KP455257","726","6564","7311","NC_001430","false","Picornaviridae Enterovirus D","93.33029","EV-D68","100.0","EV-D68","100.0","A1","100.0"
"KP455260","726","6564","7311","NC_001430","false","Picornaviridae Enterovirus D","94.04598","EV-D68","100.0","EV-D68","100.0","A1","100.0"
"KP455261","726","6567","7311","NC_001430","false","Picornaviridae Enterovirus D","98.52292","EV-D68","100.0","EV-D68","100.0","NL96","94.0"
"KP455262","726","6567","7311","NC_001430","false","Picornaviridae Enterovirus D","98.21836","EV-D68","100.0","EV-D68","100.0","NL96","92.0"
"KP455263","726","6567","7311","NC_001430","false","Picornaviridae Enterovirus D","97.51789","EV-D68","100.0","EV-D68","100.0","Could not assign",""
"KP455264","726","6567","7311","NC_001430","false","Picornaviridae Enterovirus D","92.79732","EV-D68","100.0","EV-D68","100.0","B1","100.0"
"KP455265","726","6567","7311","NC_001430","false","Picornaviridae Enterovirus D","92.843","EV-D68","100.0","EV-D68","100.0","B1","100.0"
"KP455266","726","6567","7311","NC_001430","false","Picornaviridae Enterovirus D","92.76686","EV-D68","100.0","EV-D68","100.0","B1","100.0"
"KP455267","726","6567","7311","NC_001430","false","Picornaviridae Enterovirus D","92.72118","EV-D68","100.0","EV-D68","100.0","B1","100.0"
"KP455272","726","6567","7311","NC_001430","false","Picornaviridae Enterovirus D","92.87346","EV-D68","100.0","EV-D68","100.0","B1","100.0"
"KP455275","726","6567","7311","NC_001430","false","Picornaviridae Enterovirus D","92.75163","EV-D68","100.0","EV-D68","100.0","B1","100.0"
"KP455277","726","6567","7311","NC_001430","false","Picornaviridae Enterovirus D","92.81255","EV-D68","100.0","EV-D68","100.0","B1","100.0"
"KP455279","726","6567","7311","NC_001430","false","Picornaviridae Enterovirus D","93.010506","EV-D68","100.0","EV-D68","100.0","B1","97.0"
"KP455280","726","6567","7311","NC_001430","false","Picornaviridae Enterovirus D","92.98005","EV-D68","100.0","EV-D68","100.0","B1","100.0"
"KP455282","726","6567","7311","NC_001430","false","Picornaviridae Enterovirus D","92.629814","EV-D68","100.0","EV-D68","100.0","B2","100.0"
"KP455283","726","6567","7311","NC_001430","false","Picornaviridae Enterovirus D","92.705956","EV-D68","100.0","EV-D68","100.0","B2","100.0"
"KP455284","726","6567","7311","NC_001430","false","Picornaviridae Enterovirus D","92.6755","EV-D68","100.0","EV-D68","100.0","B2","100.0"
"KP455285","726","6567","7311","NC_001430","false","Picornaviridae Enterovirus D","92.72118","EV-D68","100.0","EV-D68","100.0","B2","100.0"
"KP455288","726","6567","7311","NC_001430","false","Picornaviridae Enterovirus D","94.48759","EV-D68","100.0","EV-D68","100.0","C","92.0"
"KP455289","726","6567","7311","NC_001430","false","Picornaviridae Enterovirus D","95.3708","EV-D68","100.0","EV-D68","100.0","Could not assign",""
"KP745752","73","7288","7380","NC_001430","false","Picornaviridae Enterovirus D","93.12809","EV-D68","100.0","EV-D68","100.0","B1","100.0"
"KP745753","78","7283","7380","NC_001430","false","Picornaviridae Enterovirus D","92.94457","EV-D68","100.0","EV-D68","100.0","B1","100.0"
"KP745754","42","7308","7369","NC_001430","false","Picornaviridae Enterovirus D","93.075134","EV-D68","100.0","EV-D68","100.0","B1","100.0"
"KP745760","29","7332","7380","NC_001430","false","Picornaviridae Enterovirus D","92.97814","EV-D68","100.0","EV-D68","100.0","B1","100.0"
"KP745763","53","7308","7380","NC_001430","false","Picornaviridae Enterovirus D","93.129456","EV-D68","100.0","EV-D68","100.0","B1","100.0"
"KP745764","28","7333","7380","NC_001430","false","Picornaviridae Enterovirus D","92.96544","EV-D68","100.0","EV-D68","100.0","B1","100.0"
"KP745765","54","7296","7369","NC_001430","false","Picornaviridae Enterovirus D","92.91296","EV-D68","100.0","EV-D68","100.0","B1","100.0"
"KP745767","29","7321","7369","NC_001430","false","Picornaviridae Enterovirus D","93.087425","EV-D68","100.0","EV-D68","100.0","B1","100.0"
"KT231898","49","7292","7360","NC_001430","false","Picornaviridae Enterovirus D","94.33082","EV-D68","100.0","EV-D68","100.0","B2","100.0"
"KT231899","283","6978","7282","NC_001430","false","Picornaviridae Enterovirus D","93.797455","EV-D68","100.0","EV-D68","100.0","A1","100.0"
"KT231901","213","7058","7289","NC_001430","false","Picornaviridae Enterovirus D","94.21933","EV-D68","100.0","EV-D68","100.0","B2","100.0"
"KT231903","183","7093","7294","NC_001430","false","Picornaviridae Enterovirus D","94.47342","EV-D68","100.0","EV-D68","100.0","U1","100.0"
"KT231905","173","7100","7294","NC_001430","false","Picornaviridae Enterovirus D","93.28453","EV-D68","100.0","EV-D68","100.0","A1","100.0"
"KT280496","28","7332","7379","NC_001430","false","Picornaviridae Enterovirus D","93.19328","EV-D68","100.0","EV-D68","100.0","B3","100.0"
"KT280499","28","7332","7379","NC_001430","false","Picornaviridae Enterovirus D","93.234215","EV-D68","100.0","EV-D68","100.0","B3","100.0"
"KT280500","28","7332","7379","NC_001430","false","Picornaviridae Enterovirus D","93.37061","EV-D68","100.0","EV-D68","100.0","B3","100.0"
"KT280501","16","7348","7380","NC_001430","false","Picornaviridae Enterovirus D","92.4898","EV-D68","100.0","EV-D68","100.0","A2","100.0"
"KT280503","28","7332","7378","NC_001430","false","Picornaviridae Enterovirus D","93.79348","EV-D68","100.0","EV-D68","100.0","B1","100.0"
"KT280504","28","7332","7379","NC_001430","false","Picornaviridae Enterovirus D","93.42518","EV-D68","100.0","EV-D68","100.0","B1","100.0"
"KT285319","15","7348","7379","NC_001430","false","Picornaviridae Enterovirus D","92.85714","EV-D68","100.0","EV-D68","100.0","A2","100.0"
"KT285320","28","7332","7379","NC_001430","false","Picornaviridae Enterovirus D","93.7662","EV-D68","100.0","EV-D68","100.0","B1","100.0"
"KT285484","27","7334","7380","NC_001430","false","Picornaviridae Enterovirus D","94.80502","EV-D68","100.0","EV-D68","100.0","Could not assign",""
"KT285485","28","7333","7380","NC_001430","false","Picornaviridae Enterovirus D","93.1279","EV-D68","100.0","EV-D68","100.0","B3","100.0"
"KT318494","30","7330","7379","NC_001430","false","Picornaviridae Enterovirus D","94.707405","EV-D68","100.0","EV-D68","100.0","B","100.0"
"KT347223","52","7285","7356","NC_001430","false","Picornaviridae Enterovirus D","92.94053","EV-D68","100.0","EV-D68","100.0","B1","100.0"
"KT347225","52","7285","7356","NC_001430","false","Picornaviridae Enterovirus D","92.968","EV-D68","100.0","EV-D68","100.0","B1","100.0"
"KT347226","52","7285","7356","NC_001430","false","Picornaviridae Enterovirus D","92.99547","EV-D68","100.0","EV-D68","100.0","B1","100.0"
"KT347227","52","7285","7356","NC_001430","false","Picornaviridae Enterovirus D","93.022934","EV-D68","100.0","EV-D68","100.0","B1","100.0"
"KT347228","52","7285","7356","NC_001430","false","Picornaviridae Enterovirus D","92.968","EV-D68","100.0","EV-D68","100.0","B1","100.0"
"KT347229","52","7285","7356","NC_001430","false","Picornaviridae Enterovirus D","93.0092","EV-D68","100.0","EV-D68","100.0","B1","100.0"
"KT347230","52","7285","7356","NC_001430","false","Picornaviridae Enterovirus D","92.981735","EV-D68","100.0","EV-D68","100.0","B1","100.0"
"KT347231","391","6946","7356","NC_001430","false","Picornaviridae Enterovirus D","92.88799","EV-D68","100.0","EV-D68","100.0","B1","100.0"
"KT347233","52","7285","7356","NC_001430","false","Picornaviridae Enterovirus D","93.146545","EV-D68","100.0","EV-D68","100.0","B1","100.0"
"KT347234","52","7285","7356","NC_001430","false","Picornaviridae Enterovirus D","92.94053","EV-D68","100.0","EV-D68","100.0","B1","100.0"
"KT347235","52","7285","7356","NC_001430","false","Picornaviridae Enterovirus D","93.03667","EV-D68","100.0","EV-D68","100.0","B1","100.0"
"KT347237","52","7285","7356","NC_001430","false","Picornaviridae Enterovirus D","92.981735","EV-D68","100.0","EV-D68","100.0","B1","100.0"
"KT347239","52","7285","7356","NC_001430","false","Picornaviridae Enterovirus D","92.99547","EV-D68","100.0","EV-D68","100.0","B1","100.0"
"KT347240","52","7285","7356","NC_001430","false","Picornaviridae Enterovirus D","92.99547","EV-D68","100.0","EV-D68","100.0","B1","100.0"
"KT347241","52","7285","7356","NC_001430","false","Picornaviridae Enterovirus D","93.03667","EV-D68","100.0","EV-D68","100.0","B1","100.0"
"KT347242","52","7285","7356","NC_001430","false","Picornaviridae Enterovirus D","92.99547","EV-D68","100.0","EV-D68","100.0","B1","100.0"
"KT347243","52","7285","7356","NC_001430","false","Picornaviridae Enterovirus D","92.981735","EV-D68","100.0","EV-D68","100.0","B1","100.0"
"KT347244","52","7285","7356","NC_001430","false","Picornaviridae Enterovirus D","93.022934","EV-D68","100.0","EV-D68","100.0","B1","100.0"
"KT347245","52","7285","7356","NC_001430","false","Picornaviridae Enterovirus D","92.981735","EV-D68","100.0","EV-D68","100.0","B1","100.0"
"KT347247","52","7285","7356","NC_001430","false","Picornaviridae Enterovirus D","92.95427","EV-D68","100.0","EV-D68","100.0","B1","100.0"
"KT347250","52","7285","7356","NC_001430","false","Picornaviridae Enterovirus D","92.981735","EV-D68","100.0","EV-D68","100.0","B1","100.0"
"KT347253","52","7285","7356","NC_001430","false","Picornaviridae Enterovirus D","93.0092","EV-D68","100.0","EV-D68","100.0","B1","100.0"
"KT347254","52","7285","7356","NC_001430","false","Picornaviridae Enterovirus D","93.16028","EV-D68","100.0","EV-D68","100.0","B1","100.0"
"KT347256","52","7285","7356","NC_001430","false","Picornaviridae Enterovirus D","92.926796","EV-D68","100.0","EV-D68","100.0","B1","100.0"
"KT347259","52","7285","7356","NC_001430","false","Picornaviridae Enterovirus D","92.926796","EV-D68","100.0","EV-D68","100.0","B1","100.0"
"KT347260","52","7285","7356","NC_001430","false","Picornaviridae Enterovirus D","92.99547","EV-D68","100.0","EV-D68","100.0","B1","100.0"
"KT347261","52","7285","7356","NC_001430","false","Picornaviridae Enterovirus D","93.0092","EV-D68","100.0","EV-D68","100.0","B1","100.0"
"KT347263","52","7285","7356","NC_001430","false","Picornaviridae Enterovirus D","92.95427","EV-D68","100.0","EV-D68","100.0","B1","100.0"
"KT347265","52","7286","7356","NC_001430","false","Picornaviridae Enterovirus D","93.03763","EV-D68","100.0","EV-D68","100.0","B1","100.0"
"KT347266","52","7285","7356","NC_001430","false","Picornaviridae Enterovirus D","93.03667","EV-D68","100.0","EV-D68","100.0","B1","100.0"
"KT347267","52","7285","7356","NC_001430","false","Picornaviridae Enterovirus D","92.981735","EV-D68","100.0","EV-D68","100.0","B1","100.0"
"KT347269","52","7285","7356","NC_001430","false","Picornaviridae Enterovirus D","92.99547","EV-D68","100.0","EV-D68","100.0","B1","100.0"
"KT347270","52","7285","7356","NC_001430","false","Picornaviridae Enterovirus D","92.968","EV-D68","100.0","EV-D68","100.0","B1","100.0"
"KT347272","52","7285","7356","NC_001430","false","Picornaviridae Enterovirus D","92.99547","EV-D68","100.0","EV-D68","100.0","B1","100.0"
"KT347273","52","7285","7356","NC_001430","false","Picornaviridae Enterovirus D","93.0504","EV-D68","100.0","EV-D68","100.0","B1","100.0"
"KT347275","52","7285","7356","NC_001430","false","Picornaviridae Enterovirus D","93.311356","EV-D68","100.0","EV-D68","100.0","B1","100.0"
"KT347277","52","7285","7356","NC_001430","false","Picornaviridae Enterovirus D","92.8856","EV-D68","100.0","EV-D68","100.0","B1","100.0"
"KT347278","52","7285","7356","NC_001430","false","Picornaviridae Enterovirus D","93.16028","EV-D68","100.0","EV-D68","100.0","B1","100.0"
"KT347279","52","7285","7356","NC_001430","false","Picornaviridae Enterovirus D","93.16028","EV-D68","100.0","EV-D68","100.0","B1","100.0"
"KT455421","478","6885","7382","NC_001430","false","Picornaviridae Enterovirus D","92.926796","EV-D68","100.0","EV-D68","100.0","B1","100.0"
"KT455422","479","6875","7373","NC_001430","false","Picornaviridae Enterovirus D","92.79266","EV-D68","100.0","EV-D68","100.0","B2","100.0"
"KT455423","477","6880","7376","NC_001430","false","Picornaviridae Enterovirus D","92.69433","EV-D68","100.0","EV-D68","100.0","B1","100.0"
"KT455424","478","6883","7380","NC_001430","false","Picornaviridae Enterovirus D","92.79266","EV-D68","100.0","EV-D68","100.0","B1","100.0"
"KT455425","478","6879","7376","NC_001430","false","Picornaviridae Enterovirus D","92.90915","EV-D68","100.0","EV-D68","100.0","B1","100.0"
"KT455427","478","6884","7381","NC_001430","false","Picornaviridae Enterovirus D","92.69393","EV-D68","100.0","EV-D68","100.0","B1","100.0"
"KT455429","479","6879","7377","NC_001430","false","Picornaviridae Enterovirus D","92.79581","EV-D68","100.0","EV-D68","100.0","B2","100.0"
"KT455430","478","6878","7375","NC_001430","false","Picornaviridae Enterovirus D","92.85402","EV-D68","100.0","EV-D68","100.0","B1","100.0"
"KT711078","25","7333","7377","NC_001430","false","Picornaviridae Enterovirus D","93.25062","EV-D68","100.0","EV-D68","100.0","B3","100.0"
"KT711079","28","7330","7377","NC_001430","false","Picornaviridae Enterovirus D","93.24785","EV-D68","100.0","EV-D68","100.0","B3","100.0"
"KT711081","28","7330","7377","NC_001430","false","Picornaviridae Enterovirus D","93.24785","EV-D68","100.0","EV-D68","100.0","B3","100.0"
"KT711082","28","7330","7377","NC_001430","false","Picornaviridae Enterovirus D","93.19328","EV-D68","100.0","EV-D68","100.0","B3","100.0"
"KT711085","28","7330","7377","NC_001430","false","Picornaviridae Enterovirus D","93.27514","EV-D68","100.0","EV-D68","100.0","B3","100.0"
"KT711088","28","7330","7377","NC_001430","false","Picornaviridae Enterovirus D","93.220566","EV-D68","100.0","EV-D68","100.0","B3","100.0"
"KT764078","16","7349","7381","NC_001430","false","Picornaviridae Enterovirus D","92.491844","EV-D68","100.0","EV-D68","100.0","A2","100.0"
"KT803588","161","7039","7215","NC_001430","false","Picornaviridae Enterovirus D","92.54473","EV-D68","100.0","EV-D68","100.0","A2","100.0"
"KT803590","173","7024","7215","NC_001430","false","Picornaviridae Enterovirus D","93.33713","EV-D68","100.0","EV-D68","100.0","B3","100.0"
"KT803592","173","7024","7215","NC_001430","false","Picornaviridae Enterovirus D","93.308655","EV-D68","100.0","EV-D68","100.0","B3","100.0"
"KT803593","173","7024","7215","NC_001430","false","Picornaviridae Enterovirus D","93.3656","EV-D68","100.0","EV-D68","100.0","B3","100.0"
"KT803594","173","7024","7215","NC_001430","false","Picornaviridae Enterovirus D","93.194756","EV-D68","100.0","EV-D68","100.0","B3","100.0"
"KT803596","173","7024","7215","NC_001430","false","Picornaviridae Enterovirus D","93.16628","EV-D68","100.0","EV-D68","100.0","B3","100.0"
"KT803598","173","7024","7215","NC_001430","false","Picornaviridae Enterovirus D","93.33713","EV-D68","100.0","EV-D68","100.0","B3","100.0"
"KT803995","29","7321","7369","NC_001430","false","Picornaviridae Enterovirus D","93.03279","EV-D68","100.0","EV-D68","100.0","B1","100.0"
"KT825142","29","7321","7369","NC_001430","false","Picornaviridae Enterovirus D","92.991806","EV-D68","100.0","EV-D68","100.0","B1","100.0"
"KT835407","51","7292","7362","NC_001430","false","Picornaviridae Enterovirus D","93.042404","EV-D68","100.0","EV-D68","100.0","B1","100.0"
"KT835408","51","7292","7362","NC_001430","false","Picornaviridae Enterovirus D","93.26198","EV-D68","100.0","EV-D68","100.0","B1","99.0"
"KT995530","49","7292","7360","NC_001430","false","Picornaviridae Enterovirus D","93.08168","EV-D68","100.0","EV-D68","100.0","B1","100.0"
"KT995531","49","7292","7360","NC_001430","false","Picornaviridae Enterovirus D","92.95814","EV-D68","100.0","EV-D68","100.0","B1","100.0"
"KT995532","49","7292","7360","NC_001430","false","Picornaviridae Enterovirus D","93.095406","EV-D68","100.0","EV-D68","100.0","B1","100.0"
"KT995534","49","7292","7360","NC_001430","false","Picornaviridae Enterovirus D","93.05422","EV-D68","100.0","EV-D68","100.0","B1","100.0"
"KT995536","49","7292","7360","NC_001430","false","Picornaviridae Enterovirus D","93.17776","EV-D68","100.0","EV-D68","100.0","B1","100.0"
"KT995537","50","7289","7358","NC_001430","false","Picornaviridae Enterovirus D","92.95814","EV-D68","100.0","EV-D68","100.0","B2","100.0"
"KT995538","49","7292","7360","NC_001430","false","Picornaviridae Enterovirus D","93.232666","EV-D68","100.0","EV-D68","100.0","B1","100.0"
"KT995539","49","7292","7360","NC_001430","false","Picornaviridae Enterovirus D","93.122856","EV-D68","100.0","EV-D68","100.0","B1","100.0"
"KT995540","49","7292","7360","NC_001430","false","Picornaviridae Enterovirus D","93.095406","EV-D68","100.0","EV-D68","100.0","B1","100.0"
"KT995541","49","7292","7360","NC_001430","false","Picornaviridae Enterovirus D","92.98559","EV-D68","100.0","EV-D68","100.0","B1","100.0"
"KT995543","49","7292","7360","NC_001430","false","Picornaviridae Enterovirus D","92.93068","EV-D68","100.0","EV-D68","100.0","B1","100.0"
"KT995545","49","7292","7360","NC_001430","false","Picornaviridae Enterovirus D","93.13658","EV-D68","100.0","EV-D68","100.0","B1","100.0"
"KT995546","49","7292","7360","NC_001430","false","Picornaviridae Enterovirus D","93.02677","EV-D68","100.0","EV-D68","100.0","B1","100.0"
"KT995547","49","7292","7360","NC_001430","false","Picornaviridae Enterovirus D","93.17776","EV-D68","100.0","EV-D68","100.0","B1","100.0"
"KT995549","48","7293","7360","NC_001430","false","Picornaviridae Enterovirus D","92.98655","EV-D68","100.0","EV-D68","100.0","B1","100.0"
"KT995550","49","7292","7360","NC_001430","false","Picornaviridae Enterovirus D","93.08168","EV-D68","100.0","EV-D68","100.0","B1","100.0"
"KT995551","49","7292","7360","NC_001430","false","Picornaviridae Enterovirus D","93.06795","EV-D68","100.0","EV-D68","100.0","B1","100.0"
"KT995559","49","7292","7360","NC_001430","false","Picornaviridae Enterovirus D","93.13658","EV-D68","100.0","EV-D68","100.0","B1","100.0"
"KT995561","50","7293","7362","NC_001430","false","Picornaviridae Enterovirus D","92.90712","EV-D68","100.0","EV-D68","100.0","B2","100.0"
"KT995564","49","7292","7360","NC_001430","false","Picornaviridae Enterovirus D","92.97186","EV-D68","100.0","EV-D68","100.0","B1","100.0"
"KT995565","51","7290","7360","NC_001430","false","Picornaviridae Enterovirus D","92.97186","EV-D68","100.0","EV-D68","100.0","B1","100.0"
"KT995568","49","7292","7360","NC_001430","false","Picornaviridae Enterovirus D","93.05422","EV-D68","100.0","EV-D68","100.0","B1","100.0"
"KT995569","49","7292","7360","NC_001430","false","Picornaviridae Enterovirus D","93.01304","EV-D68","100.0","EV-D68","100.0","B1","100.0"
"KT995571","49","7292","7360","NC_001430","false","Picornaviridae Enterovirus D","93.13658","EV-D68","100.0","EV-D68","100.0","B1","100.0"
"KT995572","49","7292","7360","NC_001430","false","Picornaviridae Enterovirus D","93.02677","EV-D68","100.0","EV-D68","100.0","B1","100.0"
"KT995573","49","7292","7360","NC_001430","false","Picornaviridae Enterovirus D","93.06795","EV-D68","100.0","EV-D68","100.0","B1","100.0"
"KT995574","49","7292","7360","NC_001430","false","Picornaviridae Enterovirus D","93.13658","EV-D68","100.0","EV-D68","100.0","B1","100.0"
"KT995575","49","7292","7360","NC_001430","false","Picornaviridae Enterovirus D","93.16404","EV-D68","100.0","EV-D68","100.0","B1","100.0"
"KT995576","49","7292","7360","NC_001430","false","Picornaviridae Enterovirus D","92.889496","EV-D68","100.0","EV-D68","100.0","B1","100.0"
"KT995581","48","7293","7360","NC_001430","false","Picornaviridae Enterovirus D","93.027725","EV-D68","100.0","EV-D68","100.0","B1","100.0"
"KT995585","49","7292","7360","NC_001430","false","Picornaviridae Enterovirus D","93.02677","EV-D68","100.0","EV-D68","100.0","B1","100.0"
"KT995586","49","7254","7321","NC_001430","false","Picornaviridae Enterovirus D","93.073","EV-D68","100.0","EV-D68","100.0","B1","100.0"
"KT995587","49","7292","7360","NC_001430","false","Picornaviridae Enterovirus D","93.01304","EV-D68","100.0","EV-D68","100.0","B1","100.0"
"KT995588","50","7293","7362","NC_001430","false","Picornaviridae Enterovirus D","92.85224","EV-D68","100.0","EV-D68","100.0","B2","100.0"
"KT995589","49","7292","7360","NC_001430","false","Picornaviridae Enterovirus D","93.06795","EV-D68","100.0","EV-D68","100.0","B1","100.0"
"KT995591","49","7292","7360","NC_001430","false","Picornaviridae Enterovirus D","93.08168","EV-D68","100.0","EV-D68","100.0","B1","100.0"
"KT995593","49","7292","7360","NC_001430","false","Picornaviridae Enterovirus D","93.05422","EV-D68","100.0","EV-D68","100.0","B1","100.0"
"KT995596","49","7292","7360","NC_001430","false","Picornaviridae Enterovirus D","93.05422","EV-D68","100.0","EV-D68","100.0","B1","100.0"
"KT995597","49","7291","7359","NC_001430","false","Picornaviridae Enterovirus D","93.02581","EV-D68","100.0","EV-D68","100.0","B1","100.0"
"KT995598","49","7292","7360","NC_001430","false","Picornaviridae Enterovirus D","92.95814","EV-D68","100.0","EV-D68","100.0","B1","100.0"
"KT995599","49","7292","7360","NC_001430","false","Picornaviridae Enterovirus D","93.05422","EV-D68","100.0","EV-D68","100.0","B1","100.0"
"KT995601","50","7293","7362","NC_001430","false","Picornaviridae Enterovirus D","92.86596","EV-D68","100.0","EV-D68","100.0","B2","100.0"
"KT995603","49","7292","7360","NC_001430","false","Picornaviridae Enterovirus D","92.95814","EV-D68","100.0","EV-D68","100.0","B1","100.0"
"KT995606","49","7292","7360","NC_001430","false","Picornaviridae Enterovirus D","92.95814","EV-D68","100.0","EV-D68","100.0","B1","100.0"
"KT995608","49","7292","7360","NC_001430","false","Picornaviridae Enterovirus D","92.99931","EV-D68","100.0","EV-D68","100.0","B1","100.0"
"KT995609","49","7292","7360","NC_001430","false","Picornaviridae Enterovirus D","93.10913","EV-D68","100.0","EV-D68","100.0","B1","100.0"
"KT995612","49","7292","7360","NC_001430","false","Picornaviridae Enterovirus D","92.82086","EV-D68","100.0","EV-D68","100.0","B1","100.0"
"KT995613","49","7292","7360","NC_001430","false","Picornaviridae Enterovirus D","92.944405","EV-D68","100.0","EV-D68","100.0","B1","100.0"
"KT995614","49","7292","7360","NC_001430","false","Picornaviridae Enterovirus D","93.08168","EV-D68","100.0","EV-D68","100.0","B1","100.0"
"KT995616","49","7292","7360","NC_001430","false","Picornaviridae Enterovirus D","93.10913","EV-D68","100.0","EV-D68","100.0","B1","100.0"
"KT995617","49","7292","7360","NC_001430","false","Picornaviridae Enterovirus D","92.97186","EV-D68","100.0","EV-D68","100.0","B1","100.0"
"KT995618","49","7292","7360","NC_001430","false","Picornaviridae Enterovirus D","93.02677","EV-D68","100.0","EV-D68","100.0","B1","100.0"
"KT995619","49","7292","7360","NC_001430","false","Picornaviridae Enterovirus D","93.06795","EV-D68","100.0","EV-D68","100.0","B1","100.0"
"KT995620","48","7293","7360","NC_001430","false","Picornaviridae Enterovirus D","92.97186","EV-D68","100.0","EV-D68","100.0","B1","100.0"
"KT995623","49","7292","7360","NC_001430","false","Picornaviridae Enterovirus D","92.97186","EV-D68","100.0","EV-D68","100.0","B1","100.0"
"KT995624","49","7292","7360","NC_001430","false","Picornaviridae Enterovirus D","93.05422","EV-D68","100.0","EV-D68","100.0","B1","100.0"
"KT995625","49","7292","7360","NC_001430","false","Picornaviridae Enterovirus D","93.08168","EV-D68","100.0","EV-D68","100.0","B1","100.0"
"KT995626","49","7292","7360","NC_001430","false","Picornaviridae Enterovirus D","92.87577","EV-D68","100.0","EV-D68","100.0","B1","100.0"
"KT995628","49","7292","7360","NC_001430","false","Picornaviridae Enterovirus D","93.08168","EV-D68","100.0","EV-D68","100.0","B1","100.0"
"KT995629","49","7292","7360","NC_001430","false","Picornaviridae Enterovirus D","93.095406","EV-D68","100.0","EV-D68","100.0","B1","100.0"
"KU509997","28","7333","7380","NC_001430","false","Picornaviridae Enterovirus D","92.96544","EV-D68","100.0","EV-D68","100.0","B1","100.0"
"KU669039","48","7291","7358","NC_001430","false","Picornaviridae Enterovirus D","92.61699","EV-D68","100.0","EV-D68","100.0","B2","100.0"
"KU669040","49","7292","7360","NC_001430","false","Picornaviridae Enterovirus D","92.82086","EV-D68","100.0","EV-D68","100.0","B1","100.0"
"KU669042","49","7272","7340","NC_001430","false","Picornaviridae Enterovirus D","92.91122","EV-D68","100.0","EV-D68","100.0","B1","100.0"
"KU669044","49","7292","7360","NC_001430","false","Picornaviridae Enterovirus D","93.02677","EV-D68","100.0","EV-D68","100.0","B1","100.0"
"KU669045","49","7292","7360","NC_001430","false","Picornaviridae Enterovirus D","93.05422","EV-D68","100.0","EV-D68","100.0","B1","100.0"
"KU669047","49","7292","7360","NC_001430","false","Picornaviridae Enterovirus D","93.06795","EV-D68","100.0","EV-D68","100.0","B1","100.0"
"KU669048","50","7268","7337","NC_001430","false","Picornaviridae Enterovirus D","92.90829","EV-D68","100.0","EV-D68","100.0","B2","100.0"
"KU844180","28","7333","7380","NC_001430","false","Picornaviridae Enterovirus D","92.80065","EV-D68","100.0","EV-D68","100.0","B1","100.0"
"KU982558","27","7293","7339","NC_001430","false","Picornaviridae Enterovirus D","92.977646","EV-D68","100.0","EV-D68","100.0","B3","100.0"
"KU982561","27","7293","7339","NC_001430","false","Picornaviridae Enterovirus D","92.95311","EV-D68","100.0","EV-D68","100.0","B3","100.0"
"KX255352","52","7285","7356","NC_001430","false","Picornaviridae Enterovirus D","93.25642","EV-D68","100.0","EV-D68","100.0","B1","98.0"
"KX255353","52","7285","7356","NC_001430","false","Picornaviridae Enterovirus D","96.89603","EV-D68","100.0","EV-D68","100.0","US00","100.0"
"KX255354","52","7285","7356","NC_001430","false","Picornaviridae Enterovirus D","93.29762","EV-D68","100.0","EV-D68","100.0","B1","96.0"
"KX255356","52","7285","7356","NC_001430","false","Picornaviridae Enterovirus D","93.54484","EV-D68","100.0","EV-D68","100.0","B1","96.0"
"KX255357","52","7285","7356","NC_001430","false","Picornaviridae Enterovirus D","97.04711","EV-D68","100.0","EV-D68","100.0","US00","100.0"
"KX255358","41","7291","7354","NC_001430","false","Picornaviridae Enterovirus D","92.78464","EV-D68","100.0","EV-D68","100.0","A1","100.0"
"KX255361","41","7291","7354","NC_001430","false","Picornaviridae Enterovirus D","92.70233","EV-D68","100.0","EV-D68","100.0","A1","100.0"
"KX255362","52","7285","7356","NC_001430","false","Picornaviridae Enterovirus D","93.366295","EV-D68","100.0","EV-D68","100.0","B1","99.0"
"KX255363","41","7291","7353","NC_001430","false","Picornaviridae Enterovirus D","94.67764","EV-D68","100.0","EV-D68","100.0","A1","100.0"
"KX255364","52","7285","7356","NC_001430","false","Picornaviridae Enterovirus D","93.0092","EV-D68","100.0","EV-D68","100.0","B1","100.0"
"KX255365","52","7285","7356","NC_001430","false","Picornaviridae Enterovirus D","93.51737","EV-D68","100.0","EV-D68","100.0","B1","84.0"
"KX255367","52","7285","7356","NC_001430","false","Picornaviridae Enterovirus D","92.981735","EV-D68","100.0","EV-D68","100.0","B1","100.0"
"KX255372","52","7285","7356","NC_001430","false","Picornaviridae Enterovirus D","96.20931","EV-D68","100.0","EV-D68","100.0","Could not assign",""
"KX255374","41","7291","7354","NC_001430","false","Picornaviridae Enterovirus D","93.56653","EV-D68","100.0","EV-D68","100.0","A1","100.0"
"KX255375","52","7285","7356","NC_001430","false","Picornaviridae Enterovirus D","93.11908","EV-D68","100.0","EV-D68","100.0","B1","100.0"
"KX255376","41","7291","7354","NC_001430","false","Picornaviridae Enterovirus D","93.11386","EV-D68","100.0","EV-D68","100.0","A1","100.0"
"KX255377","52","7285","7356","NC_001430","false","Picornaviridae Enterovirus D","93.47617","EV-D68","100.0","EV-D68","100.0","B1","94.0"
"KX255378","52","7285","7356","NC_001430","false","Picornaviridae Enterovirus D","93.311356","EV-D68","100.0","EV-D68","100.0","B1","97.0"
"KX255379","52","7285","7356","NC_001430","false","Picornaviridae Enterovirus D","93.29762","EV-D68","100.0","EV-D68","100.0","B1","100.0"
"KX255380","41","7291","7354","NC_001430","false","Picornaviridae Enterovirus D","92.935524","EV-D68","100.0","EV-D68","100.0","A1","100.0"
"KX255381","41","7291","7354","NC_001430","false","Picornaviridae Enterovirus D","92.866936","EV-D68","100.0","EV-D68","100.0","A1","100.0"
"KX255382","52","7285","7356","NC_001430","false","Picornaviridae Enterovirus D","92.981735","EV-D68","100.0","EV-D68","100.0","B1","100.0"
"KX255384","52","7285","7356","NC_001430","false","Picornaviridae Enterovirus D","93.311356","EV-D68","100.0","EV-D68","100.0","B1","100.0"
"KX255385","52","7285","7356","NC_001430","false","Picornaviridae Enterovirus D","93.311356","EV-D68","100.0","EV-D68","100.0","B1","99.0"
"KX255386","41","7290","7354","NC_001430","false","Picornaviridae Enterovirus D","92.798355","EV-D68","100.0","EV-D68","100.0","A1","100.0"
"KX255387","52","7285","7356","NC_001430","false","Picornaviridae Enterovirus D","93.32509","EV-D68","100.0","EV-D68","100.0","B1","100.0"
"KX255388","52","7285","7356","NC_001430","false","Picornaviridae Enterovirus D","96.25052","EV-D68","100.0","EV-D68","100.0","Could not assign",""
"KX255389","52","7283","7354","NC_001430","false","Picornaviridae Enterovirus D","92.979805","EV-D68","100.0","EV-D68","100.0","B1","100.0"
"KX255390","52","7285","7356","NC_001430","false","Picornaviridae Enterovirus D","93.366295","EV-D68","100.0","EV-D68","100.0","B1","98.0"
"KX255391","52","7285","7356","NC_001430","false","Picornaviridae Enterovirus D","97.03338","EV-D68","100.0","EV-D68","100.0","US00","100.0"
"KX255393","52","7285","7356","NC_001430","false","Picornaviridae Enterovirus D","95.61873","EV-D68","100.0","EV-D68","100.0","Could not assign",""
"KX255394","53","7282","7354","NC_001430","false","Picornaviridae Enterovirus D","93.2683","EV-D68","100.0","EV-D68","100.0","B2","100.0"
"KX255395","52","7285","7356","NC_001430","false","Picornaviridae Enterovirus D","92.99547","EV-D68","100.0","EV-D68","100.0","B1","100.0"
"KX255396","41","7291","7354","NC_001430","false","Picornaviridae Enterovirus D","92.7572","EV-D68","100.0","EV-D68","100.0","A1","100.0"
"KX255398","52","7285","7356","NC_001430","false","Picornaviridae Enterovirus D","93.32509","EV-D68","100.0","EV-D68","100.0","B1","100.0"
"KX255399","52","7285","7356","NC_001430","false","Picornaviridae Enterovirus D","93.57231","EV-D68","100.0","EV-D68","100.0","B1","94.0"
"KX255400","52","7285","7356","NC_001430","false","Picornaviridae Enterovirus D","96.223045","EV-D68","100.0","EV-D68","100.0","Could not assign",""
"KX255401","52","7285","7356","NC_001430","false","Picornaviridae Enterovirus D","93.50364","EV-D68","100.0","EV-D68","100.0","B2","100.0"
"KX255402","53","7284","7355","NC_001430","false","Picornaviridae Enterovirus D","94.60239","EV-D68","100.0","EV-D68","100.0","C","100.0"
"KX255404","41","7291","7354","NC_001430","false","Picornaviridae Enterovirus D","92.88066","EV-D68","100.0","EV-D68","100.0","A1","100.0"
"KX255405","52","7285","7356","NC_001430","false","Picornaviridae Enterovirus D","96.99217","EV-D68","100.0","EV-D68","100.0","US00","100.0"
"KX255406","52","7285","7356","NC_001430","false","Picornaviridae Enterovirus D","93.311356","EV-D68","100.0","EV-D68","100.0","B1","100.0"
"KX255408","53","7284","7356","NC_001430","false","Picornaviridae Enterovirus D","94.62986","EV-D68","100.0","EV-D68","100.0","C","85.0"
"KX255411","52","7285","7356","NC_001430","false","Picornaviridae Enterovirus D","93.29762","EV-D68","100.0","EV-D68","100.0","B1","100.0"
"KX255412","52","7285","7356","NC_001430","false","Picornaviridae Enterovirus D","96.099434","EV-D68","100.0","EV-D68","100.0","Could not assign",""
"KX255413","52","7285","7356","NC_001430","false","Picornaviridae Enterovirus D","92.99547","EV-D68","100.0","EV-D68","100.0","B1","100.0"
"KX255414","52","7285","7356","NC_001430","false","Picornaviridae Enterovirus D","93.46244","EV-D68","100.0","EV-D68","100.0","B1","96.0"
"KX261793","53","7284","7356","NC_001430","false","Picornaviridae Enterovirus D","94.712265","EV-D68","100.0","EV-D68","100.0","C","98.0"
"KX261795","53","7284","7355","NC_001430","false","Picornaviridae Enterovirus D","94.56119","EV-D68","100.0","EV-D68","100.0","C","95.0"
"KX261797","53","7284","7356","NC_001430","false","Picornaviridae Enterovirus D","94.58865","EV-D68","100.0","EV-D68","100.0","C","100.0"
"KX261801","53","7284","7356","NC_001430","false","Picornaviridae Enterovirus D","94.51998","EV-D68","100.0","EV-D68","100.0","C","96.0"
"KX261803","53","7284","7355","NC_001430","false","Picornaviridae Enterovirus D","94.657326","EV-D68","100.0","EV-D68","100.0","C","96.0"
"KX261806","53","7284","7356","NC_001430","false","Picornaviridae Enterovirus D","94.60239","EV-D68","100.0","EV-D68","100.0","C","100.0"
"KX261807","53","7284","7356","NC_001430","false","Picornaviridae Enterovirus D","94.60239","EV-D68","100.0","EV-D68","100.0","C","89.0"
"KX261809","53","7284","7356","NC_001430","false","Picornaviridae Enterovirus D","94.50625","EV-D68","100.0","EV-D68","100.0","C","97.0"
"KX261813","53","7284","7355","NC_001430","false","Picornaviridae Enterovirus D","94.54745","EV-D68","100.0","EV-D68","100.0","C","99.0"
"KX261815","53","7284","7355","NC_001430","false","Picornaviridae Enterovirus D","94.50625","EV-D68","100.0","EV-D68","100.0","C","100.0"
"KX261816","53","7284","7356","NC_001430","false","Picornaviridae Enterovirus D","94.60239","EV-D68","100.0","EV-D68","100.0","C","100.0"
"KX261817","53","7284","7356","NC_001430","false","Picornaviridae Enterovirus D","94.54745","EV-D68","100.0","EV-D68","100.0","C","99.0"
"KX261818","53","7284","7356","NC_001430","false","Picornaviridae Enterovirus D","94.60239","EV-D68","100.0","EV-D68","100.0","C","92.0"
"KX261819","53","7284","7356","NC_001430","false","Picornaviridae Enterovirus D","94.50625","EV-D68","100.0","EV-D68","100.0","C","98.0"
"KX261820","53","7284","7355","NC_001430","false","Picornaviridae Enterovirus D","94.58865","EV-D68","100.0","EV-D68","100.0","C","100.0"
"KX261822","53","7284","7356","NC_001430","false","Picornaviridae Enterovirus D","94.61613","EV-D68","100.0","EV-D68","100.0","C","99.0"
"KX261823","53","7284","7356","NC_001430","false","Picornaviridae Enterovirus D","94.61613","EV-D68","100.0","EV-D68","100.0","C","84.0"
"KX261824","41","7293","7356","NC_001430","false","Picornaviridae Enterovirus D","93.66429","EV-D68","100.0","EV-D68","100.0","A1","100.0"
"KX261825","53","7282","7354","NC_001430","false","Picornaviridae Enterovirus D","92.91306","EV-D68","100.0","EV-D68","100.0","B2","100.0"
"KX261826","53","7284","7356","NC_001430","false","Picornaviridae Enterovirus D","94.56119","EV-D68","100.0","EV-D68","100.0","C","95.0"
"KX384960","49","7201","7268","NC_001430","false","Picornaviridae Enterovirus D","96.26077","EV-D68","100.0","EV-D68","100.0","Could not assign",""
"KX433156","52","7296","7356","NC_001430","false","Picornaviridae Enterovirus D","89.00315","EV-D68","100.0","EV-D68","100.0","B1","100.0"
"KX433161","52","7285","7356","NC_001430","false","Picornaviridae Enterovirus D","93.146545","EV-D68","100.0","EV-D68","100.0","B1","100.0"
"KX433162","52","7284","7356","NC_001430","false","Picornaviridae Enterovirus D","87.52919","EV-D68","100.0","EV-D68","100.0","A1","100.0"
"KX433165","52","7283","7354","NC_001430","false","Picornaviridae Enterovirus D","93.32326","EV-D68","100.0","EV-D68","100.0","B1","100.0"
"KX433166","52","7285","7356","NC_001430","false","Picornaviridae Enterovirus D","96.9235","EV-D68","100.0","EV-D68","100.0","US00","100.0"
"KX433167","52","7283","7354","NC_001430","false","Picornaviridae Enterovirus D","93.14466","EV-D68","100.0","EV-D68","100.0","B1","100.0"
"KX675261","27","7333","7379","NC_001430","false","Picornaviridae Enterovirus D","92.78506","EV-D68","100.0","EV-D68","100.0","B3","100.0"
"KX789222","199","7091","7308","NC_001430","false","Picornaviridae Enterovirus D","92.93172","EV-D68","100.0","EV-D68","100.0","B3","100.0"
"KX789223","199","7091","7308","NC_001430","false","Picornaviridae Enterovirus D","92.861176","EV-D68","100.0","EV-D68","100.0","B3","100.0"
"KX789259","17","7341","7380","NC_001430","false","Picornaviridae Enterovirus D","93.015656","EV-D68","100.0","EV-D68","100.0","A1","100.0"
"KX789261","503","6815","7337","NC_001430","false","Picornaviridae Enterovirus D","93.2492","EV-D68","100.0","EV-D68","100.0","B3","100.0"
"KX789264","503","6815","7337","NC_001430","false","Picornaviridae Enterovirus D","92.95568","EV-D68","100.0","EV-D68","100.0","B3","100.0"
"KX789266","503","6815","7336","NC_001430","false","Picornaviridae Enterovirus D","92.66217","EV-D68","100.0","EV-D68","100.0","B3","100.0"
"KX789267","503","6815","7337","NC_001430","false","Picornaviridae Enterovirus D","92.86762","EV-D68","100.0","EV-D68","100.0","B3","100.0"
"OK085446","726","6567","7311","NC_001430","false","Picornaviridae Enterovirus D","92.09685","EV-D68","100.0","EV-D68","100.0","B3","100.0"
"LC889290","31","7345","7394","NC_001430","false","Picornaviridae Enterovirus D","91.83033","EV-D68","100.0","EV-D68","100.0","B3","100.0"
"LC629441","16","7345","7377","NC_001430","false","Picornaviridae Enterovirus D","92.62485","EV-D68","100.0","EV-D68","100.0","A2","100.0"
"PQ238703","35","7325","7378","NC_001430","false","Picornaviridae Enterovirus D","91.749626","EV-D68","100.0","EV-D68","100.0","B3","100.0"
"PQ415048","726","6518","7262","NC_001430","false","Picornaviridae Enterovirus D","91.715256","EV-D68","100.0","EV-D68","100.0","B3","100.0"
"KT995533","49","7292","7360","NC_001430","false","Picornaviridae Enterovirus D","93.122856","EV-D68","100.0","EV-D68","100.0","B1","100.0"
"KT711086","28","7330","7377","NC_001430","false","Picornaviridae Enterovirus D","93.138725","EV-D68","100.0","EV-D68","100.0","B3","100.0"
"KT873672","2388","741","3135","NC_001430","false","Picornaviridae Enterovirus D","92.016235","EV-D68","100.0","EV-D68","100.0","B1","100.0"
"KX384960","49","7201","7268","NC_001430","false","Picornaviridae Enterovirus D","96.26077","EV-D68","100.0","EV-D68","100.0","Could not assign",""
"OQ126958","106","7247","7375","NC_001430","false","Picornaviridae Enterovirus D","92.11035","EV-D68","100.0","EV-D68","100.0","B3","100.0"
"MW006089","2361","882","3249","NC_001430","false","Picornaviridae Enterovirus D","90.10239","EV-D68","100.0","EV-D68","100.0","B3","100.0"
"MH780683","2388","939","3336","NC_001430","false","Picornaviridae Enterovirus D","89.78022","EV-D68","100.0","EV-D68","100.0","A2","100.0"
"MN245992","37","5108","5163","NC_001430","false","Picornaviridae Enterovirus D","92.16608","EV-D68","100.0","EV-D68","100.0","B3","100.0"
"MN240506","17","7341","7380","NC_001430","false","Picornaviridae Enterovirus D","93.451324","EV-D68","100.0","EV-D68","100.0","A1","100.0"
"PP474824","37","7324","7379","NC_001430","false","Picornaviridae Enterovirus D","91.9688","EV-D68","100.0","EV-D68","100.0","B3","100.0"
"PQ596457","83","7247","7348","NC_001430","false","Picornaviridae Enterovirus D","91.66552","EV-D68","100.0","EV-D68","100.0","B3","100.0"
"KT347257","52","7285","7356","NC_001430","false","Picornaviridae Enterovirus D","93.091606","EV-D68","100.0","EV-D68","100.0","B1","100.0"
"MN245428","97","7179","7294","NC_001430","false","Picornaviridae Enterovirus D","92.23152","EV-D68","100.0","EV-D68","100.0","B3","100.0"
"OP321146","29","7326","7373","NC_001430","false","Picornaviridae Enterovirus D","91.93614","EV-D68","100.0","EV-D68","100.0","B3","100.0"
"MT789746","28","7333","7380","NC_001430","false","Picornaviridae Enterovirus D","92.09163","EV-D68","100.0","EV-D68","100.0","B3","100.0"
"KX255397","52","7285","7356","NC_001430","false","Picornaviridae Enterovirus D","95.220436","EV-D68","100.0","EV-D68","100.0","Could not assign",""
"KT995554","49","7292","7360","NC_001430","false","Picornaviridae Enterovirus D","93.01304","EV-D68","100.0","EV-D68","100.0","B1","100.0"
"PP548248","48","7337","7404","NC_001430","false","Picornaviridae Enterovirus D","91.03825","EV-D68","100.0","EV-D68","100.0","A2","100.0"
